4,1.77506,-7.27373,0.264119,1,
4,4.76815,-7.26387,0.0438866,1,
4,0.351477,-43.4357,0.0403816,0,
4,0.965265,-6.75992,0.0174182,1,
4,2.25463,-7.5529,1.88955e-05,1,
4,1.30781,-7.34907,0.42929,1,
4,2.28795,-6.98315,5.32126e-05,1,
4,1.31416,-7.44353,0.43147,1,
4,2.2593,-7.6559,4.6466e-05,1,
4,4.51912,-8.09532,0.118253,1,
4,2.05438,-7.75918,0.159278,1,
4,1.39827,-9.11316,0.418622,1,
4,2.24791,-8.28317,2.62947e-06,1,
4,0.764498,-7.98439,0.582673,0,
4,2.27601,-8.26021,3.01975e-05,1,
4,2.3073,-8.29135,2.75065e-05,1,
4,2.25642,-8.47495,1.76491e-05,1,
4,0.313579,-7.67769,0.589136,0,
4,1.09964,-8.34926,0.03701,1,
4,2.25319,-8.21487,8.54776e-06,1,
4,2.35951,-7.91075,4.51702e-05,1,
4,2.2825,-8.56796,3.15744e-05,1,
4,0.280884,90.2093,0.119995,1,
4,2.25425,-7.44173,2.38395e-05,1,
4,0.619643,-8.30159,0.56204,0,
4,0.556645,-7.92294,0.492206,1,
4,2.30849,-7.7963,1.24712e-05,1,
4,2.30564,-7.17086,2.0632e-05,1,
4,1.39912,-7.47866,0.444764,1,
4,1.51348,-7.83829,0.402225,1,
4,3.61934,-7.62896,0.152135,1,
4,0.813076,-7.77027,0.00187292,1,
4,3.84646,-7.8445,0.0713623,1,
4,2.28819,-8.64702,2.7039e-05,1,
4,1.77336,-8.62245,0.236673,1,
4,1.29292,-7.99043,0.0636495,1,
4,2.11168,-7.8685,0.248047,1,
4,0.419085,-6.97386,0.036371,1,
4,0.892867,-7.89666,0.365904,1,
4,1.34168,-7.46536,0.438979,1,
4,2.23922,-7.59416,2.89885e-05,1,
4,2.33407,-7.49896,1.01558e-05,1,
4,0.315131,-7.5632,0.55662,0,
4,0.360599,46.9292,0.11141,0,
5,2.29662,-8.2902,2.53366e-05,1,
5,1.46033,-8.60843,0.397553,1,
5,0.572668,-8.5699,0.524923,0,
5,2.31738,-7.71726,2.89012e-05,1,
5,2.28652,-7.33636,2.91759e-05,1,
5,2.29134,-7.3339,3.29567e-05,1,
5,0.384316,-8.28599,0.00959965,0,
5,2.2681,-7.51357,3.40878e-05,1,
5,1.75169,-8.21185,0.511484,1,
5,2.30525,-7.64425,4.93648e-05,1,
5,1.99504,-7.68515,0.238902,1,
5,2.09053,-8.19707,0.416973,1,
5,2.3081,-7.03091,1.91935e-05,1,
5,0.681866,-8.20155,0.451703,0,
5,2.26564,-7.25131,1.37066e-05,1,
5,2.26849,-7.54991,0.00970442,1,
5,1.81291,-7.40891,0.241257,1,
5,2.12348,-8.30247,0.3187,1,
5,2.28585,-7.60064,3.44e-05,1,
5,1.89671,-8.21226,0.446037,1,
5,2.26534,-7.19443,3.43179e-05,1,
5,2.24353,-6.8079,5.58607e-05,1,
5,2.29019,-6.86254,3.93851e-05,1,
5,2.3111,-7.93415,2.27436e-05,1,
5,2.29493,-7.36765,5.26098e-05,1,
5,1.41041,-7.25323,0.0219843,1,
5,2.27821,-7.36171,3.72422e-05,1,
5,3.30638,-7.71827,0.0636898,1,
5,1.16609,-8.09456,0.460737,1,
5,1.12179,-8.56465,0.157858,1,
5,1.0103,-8.00949,0.558816,1,
5,1.8005,-7.75336,0.429571,1,
5,0.536052,-7.82995,0.459524,0,
5,0.288546,-8.85113,0.503166,0,
5,2.31269,-7.84623,3.42239e-05,1,
5,0.401854,-8.37817,0.539316,1,
5,0.582901,-8.59761,0.385719,0,
5,2.27482,-8.09863,9.53159e-05,1,
5,2.30141,-8.60094,3.59928e-05,1,
5,2.31073,-9.35936,1.07431e-05,1,
5,2.35012,-8.69616,0.0253402,1,
5,0.435082,-8.16756,0.260639,0,
5,2.23158,-8.2502,2.30653e-05,1,
5,4.24929,-7.91129,0.0603945,1,
5,2.31076,-7.79796,4.31095e-05,1,
5,2.30266,-7.72444,2.10245e-05,1,
5,2.26798,-7.47695,2.372e-05,1,
5,3.42816,-7.15829,0.154568,1,
6,1.18874,-7.61576,0.338662,0,
6,1.38269,-8.50066,0.327204,1,
6,1.6331,-8.46063,0.3636,1,
6,1.54909,-8.79096,0.0200646,1,
6,0.92256,-8.09377,0.505881,1,
6,1.00994,-8.41692,0.391448,1,
6,1.49132,-7.825,0.386967,1,
6,1.91732,-8.41505,0.00159617,1,
6,2.28994,-8.15427,2.95316e-05,1,
6,2.28749,-8.14108,2.53753e-05,1,
6,1.41551,-8.04887,0.22524,1,
6,2.28349,-8.02428,1.6264e-05,1,
6,2.25323,-7.87197,2.52079e-05,0,
6,1.23225,-8.45541,0.35468,1,
6,2.23051,-8.22857,2.80135e-05,1,
6,4.94927,-9.4811,0.0827392,1,
6,1.01178,-8.23102,0.509011,1,
6,0.353528,-7.86528,0.501962,1,
6,1.10801,-7.93839,0.207839,1,
6,2.2715,-7.85532,3.87762e-05,1,
6,1.95609,-8.36234,0.39767,1,
6,3.13342,-7.737,0.0336743,1,
6,1.53351,-8.7469,0.292205,1,
6,1.86093,-9.11939,0.326771,1,
6,2.26533,-8.95964,3.92897e-05,1,
6,2.2991,-8.28438,3.1865e-05,1,
6,1.28775,-8.09798,0.242892,0,
6,2.31855,-8.36771,2.73209e-05,1,
6,2.27113,-8.86896,3.63169e-05,1,
6,0.604166,-104.338,0.260192,0,
6,1.65218,-8.0378,0.190044,1,
6,1.18639,-7.95813,0.0392816,0,
6,1.14156,-8.0267,0.43353,1,
6,2.27769,-8.66288,2.85838e-05,1,
6,4.39486,-8.9304,0.0679733,1,
6,1.4354,-8.37066,0.369428,1,
6,2.30079,-8.74376,2.77144e-05,1,
6,2.2624,-7.88681,1.88997e-05,1,
6,2.23026,-8.27114,4.01613e-05,1,
6,0.872137,-7.82277,0.331838,1,
6,1.76218,-8.05596,0.441871,1,
6,1.08648,-7.45859,0.2012,1,
6,2.30089,-7.61786,6.23759e-05,1,
6,2.25471,-7.98433,1.6502e-05,1,
6,2.2941,-8.93784,3.72637e-05,1,
6,1.46375,-8.86508,0.428153,1,
7,2.27782,-7.41116,1.38335e-05,1,
7,1.01611,-8.27891,0.259884,1,
7,1.12116,-7.52543,0.0678248,0,
7,0.452555,-7.60585,0.48735,1,
7,2.03865,-8.27278,0.418665,0,
7,2.30819,-8.41067,5.02478e-05,1,
7,2.28173,-8.52672,2.90842e-05,1,
7,0.287072,-6.70345,0.419018,0,
7,3.36639,-7.49207,0.051252,1,
7,3.64225,-7.94105,0.0328758,1,
7,5.11167,-8.00416,0.0485238,1,
7,0.468989,-7.59557,0.572696,0,
7,2.28877,-8.28759,3.78418e-05,1,
7,1.63817,-8.65484,0.404766,1,
7,0.375337,-8.12588,0.562269,1,
7,2.24278,-8.61336,2.34973e-05,1,
7,1.2607,-9.05728,0.31028,0,
7,1.95949,-8.02816,0.361748,1,
7,4.07607,-6.86546,0.00905645,1,
7,2.31996,-7.76187,4.23854e-05,1,
7,2.31051,-8.07042,1.89891e-05,1,
7,0.542402,-8.333,0.522452,0,
7,0.431641,-7.40041,0.399089,0,
7,1.50254,-7.67365,0.363001,1,
7,2.32019,-9.11397,1.58477e-05,1,
7,0.503774,-8.1366,0.335552,0,
7,2.29494,-6.51337,5.11004e-05,1,
7,1.9074,-7.2085,0.339959,0,
7,2.25613,-8.07769,1.98363e-05,1,
7,0.821632,-8.01924,0.182321,1,
7,2.26946,-8.01797,3.48105e-05,1,
7,2.31926,-8.61955,3.38953e-05,1,
7,0.279882,-8.32533,0.0675527,0,
7,2.28074,-8.02659,3.00301e-05,1,
7,0.338376,-7.92214,0.379759,0,
7,1.17927,-7.98699,0.18879,1,
7,2.28206,-7.99755,6.51875e-05,1,
7,1.58977,-8.23779,0.273631,1,
7,1.1857,-8.4578,0.313148,1,
7,1.95025,-8.83955,0.251743,1,
7,0.613983,-9.00781,0.573381,1,
7,1.15627,-7.76009,0.23945,1,
8,2.27534,-8.30092,2.28459e-05,1,
8,2.14673,-7.82637,0.210684,1,
8,1.08819,-7.89703,0.380383,1,
8,1.71908,-7.13526,0.214333,1,
8,1.60874,-7.97291,0.364559,1,
8,0.349002,88.8145,0.113199,0,
8,0.690527,-7.51924,0.240472,1,
8,2.29446,-7.00199,5.91256e-05,1,
8,4.08082,-8.39401,0.0266419,1,
8,0.919482,-7.95634,0.0810534,1,
8,2.31904,-7.24503,4.66071e-05,0,
8,1.34811,-7.76477,0.281802,0,
8,2.29668,-6.9479,1.23989e-05,1,
8,2.26417,-7.10181,2.27698e-05,1,
8,3.76596,-7.06523,0.0519102,1,
8,0.319045,-8.07192,0.268985,0,
8,2.26899,-7.80041,3.37387e-05,1,
8,1.69317,-8.2168,0.00631336,1,
8,1.85548,-8.60568,0.279582,1,
8,1.47719,91.9157,0.231443,0,
8,2.08125,-8.25968,0.428074,1,
8,2.26476,-8.12773,2.56036e-05,1,
8,0.8052,-8.61269,0.155718,1,
8,1.22994,-8.05082,0.406694,1,
8,2.2551,-8.10873,4.95165e-05,1,
8,1.12283,-113.213,0.148596,0,
8,0.575047,-7.72591,0.55777,0,
8,2.29777,-8.27576,4.74658e-05,1,
8,0.332499,-5.78383,0.205673,0,
8,2.29097,-8.10397,7.83183e-05,1,
8,2.08326,-7.78367,0.321993,1,
8,2.26095,-8.47396,4.70427e-05,1,
8,1.88583,-7.97834,0.103045,1,
8,2.26033,-8.21851,6.27076e-06,1,
8,2.26714,-8.24195,3.58362e-05,1,
8,1.72132,-7.82621,0.461333,1,
8,1.44661,-8.19583,0.255163,1,
8,1.54124,-8.44537,0.0477901,1,
8,1.69307,-8.74629,0.242988,1,
8,2.26909,-8.06006,3.65224e-05,1,
8,0.775667,-133.993,0.172317,0,
8,1.34473,-8.61375,0.24635,1,
8,4.89232,-7.81833,0.0789586,1,
8,0.259672,2.99248,0.351891,0,
8,0.76798,-8.27322,0.363227,0,
8,2.1478,-8.41758,0.154427,1,
8,2.24307,-8.22524,2.84542e-05,1,
8,0.710378,-8.43649,0.265276,0,
8,0.587428,-8.1646,0.379403,1,
8,2.27305,-8.24109,2.41076e-05,1,
9,2.23796,-8.49194,4.10714e-05,1,
9,0.425872,-72.932,0.0527719,0,
9,2.28332,-8.02211,4.97838e-05,1,
9,2.31471,-8.14673,3.77697e-05,1,
9,1.4769,-7.48553,0.337954,1,
9,2.26669,-7.21434,4.65443e-05,1,
9,2.26278,-6.94596,2.18033e-05,1,
9,2.24271,-6.83635,1.51175e-05,1,
9,2.26244,-7.1661,1.55874e-05,1,
9,2.30585,-7.52384,2.86955e-05,1,
9,2.28786,-7.14376,4.19815e-05,1,
9,0.322007,-161.295,0.0911138,0,
9,2.3033,-8.40706,2.67034e-05,1,
9,2.26937,-8.43408,4.22649e-05,1,
9,2.25009,-8.50731,3.34987e-05,1,
9,2.02392,-8.00473,0.382409,1,
9,2.30711,-8.66813,2.59549e-05,1,
9,1.11157,-7.33856,0.324736,1,
9,2.23738,-8.3522,2.02328e-05,0,
9,2.29374,-7.54241,4.42805e-05,1,
9,0.306305,-12.6962,0.221919,0,
9,1.30527,-8.39384,0.178862,1,
9,2.25941,-8.8257,3.37066e-05,1,
9,2.30224,-8.02284,2.53008e-05,1,
9,1.73897,-8.50095,0.383524,1,
9,2.2777,-8.82828,3.0886e-05,1,
9,2.29409,-8.60708,1.50418e-05,1,
9,1.38406,-8.80021,0.436364,1,
9,2.25967,-7.75697,2.57418e-05,1,
9,2.31551,-7.79206,3.08926e-05,1,
9,2.16213,-7.50566,0.239698,1,
9,2.24818,-7.73327,4.28348e-05,1,
9,0.283567,-7.33434,0.378128,0,
9,1.95023,-8.28468,0.236144,1,
9,2.27317,-8.59119,3.55046e-05,1,
9,0.390572,-24.033,0.267081,0,
9,2.72162,-8.32215,0.0550081,1,
9,1.40634,-8.12575,0.44538,1,
9,1.44182,-7.46914,0.0113965,0,
9,2.30049,-7.4233,5.01291e-05,1,
9,1.10716,-7.49791,0.326928,1,
10,2.25122,-8.34926,4.39717e-05,0,
10,2.29018,-7.05222,6.5542e-05,0,
10,2.29131,-7.83838,1.57318e-05,1,
10,2.24312,-7.84915,3.32952e-05,0,
10,2.31052,-7.32717,0.329724,0,
10,1.42371,-8.07078,0.253912,0,
10,2.24678,-7.60413,2.57957e-05,0,
10,0.331547,-8.27586,0.521333,0,
10,0.512851,-112.063,0.100139,0,
10,1.5848,-8.52705,0.143202,0,
10,2.29338,-8.9043,1.13005e-05,0,
10,1.60611,-7.25353,0.35071,0,
10,2.28244,-7.66509,2.73516e-05,0,
10,0.987819,-7.6153,0.378266,1,
10,2.24863,-7.64711,7.23117e-06,0,
10,2.33817,-8.13094,0.0890347,0,
10,2.3021,-7.14857,2.94216e-05,0,
10,2.30854,-7.14066,3.41882e-05,0,
10,0.752377,-7.29431,0.237935,1,
10,2.28869,-7.87841,3.07829e-05,0,
10,2.26065,-7.21597,2.70785e-05,0,
10,4.17796,-7.90799,0.130117,0,
10,2.27904,-8.3392,1.53246e-05,1,
10,1.59777,-7.86424,0.316297,0,
10,0.941889,-8.63081,0.487718,1,
10,2.2809,-8.06787,3.32913e-05,0,
10,1.02323,-7.04284,0.45665,1,
10,0.697986,-7.49284,0.442045,1,
10,2.29592,-7.8522,2.36906e-05,0,
10,0.520515,-7.41532,0.509225,0,
10,2.27169,-8.13961,4.21505e-05,0,
10,0.692158,-1.87595,0.0623788,0,
10,1.44188,-8.24263,0.207086,0,
10,2.31411,-8.48877,5.21292e-05,0,
10,1.32652,-7.04043,0.354311,1,
10,2.27906,-7.57277,7.66743e-06,1,
10,5.24418,-7.98587,0.0284465,0,
10,2.2729,-7.73375,2.12802e-05,0,
10,0.775569,-8.13299,0.129135,0,
10,1.57413,-8.338,0.311075,0,
10,2.28881,-7.19121,4.56385e-05,0,
10,4.35319,-7.23594,0.0743838,0,
10,2.24102,-7.62708,3.28925e-05,0,
11,2.29934,-7.37989,1.83979e-05,0,
11,1.23301,-7.8324,0.423,0,
11,1.98525,-8.23601,0.136281,0,
11,2.25261,-8.66811,1.69855e-05,0,
11,1.46159,-8.68182,0.420802,0,
11,1.1164,-132.077,0.0679866,0,
11,2.09663,-8.16524,0.302839,0,
11,0.322037,-8.12004,0.59765,0,
11,0.423768,-8.53602,0.266928,0,
11,2.27693,-8.54177,9.56878e-06,0,
11,2.25106,-7.8624,2.33029e-05,0,
11,1.00119,-7.9806,0.214227,0,
11,2.31332,-8.25937,5.13412e-05,0,
11,2.24972,-6.9448,3.14432e-05,0,
11,0.932089,-83.1961,0.113118,0,
11,2.29747,-8.14078,3.3317e-05,1,
11,1.40439,-8.58869,0.107316,0,
11,2.29942,-7.98667,1.21331e-05,0,
11,2.27401,-7.87157,3.88093e-05,0,
11,0.47975,-7.56782,0.557827,0,
11,1.61316,-7.32691,0.36117,0,
11,0.890324,-8.20651,0.566417,0,
11,1.46204,-7.60048,0.291628,0,
11,0.324702,-8.32171,0.566744,0,
11,1.22729,-7.49281,0.533194,0,
11,2.27979,-7.2736,1.16269e-05,0,
11,1.77529,-7.69347,0.347543,0,
11,2.30469,-7.94646,3.08918e-05,0,
11,1.62653,-7.73381,0.192282,0,
11,2.31633,-8.43793,5.2813e-05,0,
11,2.23346,-8.22927,6.78973e-06,0,
11,3.80131,-8.74655,0.0843915,0,
11,2.26837,-7.69913,5.18409e-05,0,
11,1.23048,-7.28269,0.446745,0,
11,2.30248,-6.95661,3.03783e-05,0,
11,0.743747,-7.65103,0.317862,0,
11,2.29777,-9.24357,2.94831e-05,0,
11,2.27144,-8.41592,3.77307e-05,0,
11,2.27792,-7.70138,3.41515e-05,0,
11,2.25852,-7.51795,1.53452e-05,0,
11,1.39618,-7.65145,0.372415,0,
11,2.25356,-8.07466,7.06575e-05,0,
11,2.26459,-8.73834,4.2122e-05,0,
12,1.13178,-8.80838,0.530506,1,
12,2.26477,-7.78648,1.97514e-05,1,
12,2.23417,-8.23862,2.24661e-05,1,
12,1.58297,-8.20065,0.143225,1,
12,2.25902,-8.39582,1.86253e-05,1,
12,2.26652,-7.3612,2.97063e-05,1,
12,2.29468,-7.92564,3.724e-05,1,
12,1.04264,-7.84629,0.499648,1,
12,2.26394,-7.92406,9.15324e-06,1,
12,2.27309,-9.11098,3.49363e-05,1,
12,2.17661,-7.9574,0.038571,1,
12,2.30051,-7.66272,2.53641e-05,1,
12,2.28536,-7.76974,3.568e-05,1,
12,1.94231,-8.42162,0.259434,1,
12,2.27834,-7.69122,1.92391e-05,1,
12,2.27254,-7.1967,3.25591e-05,1,
12,0.294961,-8.09161,0.404469,0,
12,2.28524,-8.1143,4.24272e-05,1,
12,2.29921,-8.14044,1.95012e-05,1,
12,0.333578,-7.69993,0.568402,0,
12,1.40792,-7.7728,0.276444,1,
12,1.89607,-7.42247,0.0161417,1,
12,2.2898,-8.48629,3.13333e-05,1,
12,1.39489,-8.59997,0.310056,1,
12,1.63104,-8.43947,0.178806,1,
12,2.29565,-8.08602,5.09501e-06,1,
12,1.55532,-7.58505,0.407785,1,
12,1.03453,-7.27112,0.370814,0,
12,2.25162,-7.9963,4.10617e-05,1,
12,0.649624,-7.43182,0.384827,0,
12,1.80803,-6.82036,0.37174,1,
12,2.29988,-7.53957,3.37017e-05,1,
12,1.53823,-8.34792,0.313207,1,
12,2.26586,-7.71854,2.76211e-05,1,
12,1.15495,-8.29728,0.429072,1,
12,2.315,-7.92382,2.77562e-05,1,
12,0.649073,-7.74215,0.567108,0,
12,2.30326,-7.45325,2.85278e-05,1,
12,1.65981,-7.95844,0.295395,1,
12,0.337903,5.05543,0.0192337,0,
12,2.04301,-8.62723,0.230033,1,
12,2.27279,-7.98873,2.2326e-05,1,
12,2.29146,-7.97734,3.01097e-05,1,
12,2.27339,-7.93336,1.09688e-05,1,
12,2.31421,-7.69423,2.33479e-05,1,
12,0.808035,-7.67832,0.393578,0,
13,1.62977,-7.82465,0.361475,1,
13,2.24216,-7.56455,2.13329e-05,1,
13,2.27051,-7.20595,2.15709e-05,1,
13,2.21973,-7.07103,2.07962e-05,1,
13,1.68408,-7.2518,0.270635,1,
13,0.588018,-8.87227,0.361177,1,
13,2.31309,-8.26638,1.43256e-05,1,
13,2.30492,-8.457,6.98151e-06,1,
13,2.28405,-8.22613,5.89796e-05,1,
13,2.31417,-7.67799,2.68408e-05,1,
13,2.25645,-7.36481,5.15445e-05,1,
13,2.31769,-7.2577,6.95642e-06,1,
13,2.31435,-7.44625,3.59416e-05,1,
13,0.868167,-8.27756,0.0572016,1,
13,2.30517,-8.04127,6.00747e-05,1,
13,2.26905,-7.73133,9.10842e-06,1,
13,1.86403,-7.33734,0.383028,1,
13,0.332349,4.8888,0.0585322,1,
13,0.789216,-8.5242,0.309194,1,
13,2.25745,-8.98569,1.89206e-05,1,
13,1.5022,-8.24369,0.35389,1,
13,2.20499,-7.76421,0.203317,1,
13,1.34184,-7.97701,0.0435728,1,
13,1.5686,-8.2121,0.181196,1,
13,2.05082,-7.3522,0.408449,1,
13,2.27087,-7.76701,3.36213e-05,1,
13,2.30312,-8.17736,1.29183e-05,1,
13,0.977774,-8.27713,0.013956,1,
13,2.24966,-8.7688,3.5199e-05,1,
13,2.30203,-8.711,3.96467e-05,1,
13,4.71814,-8.39095,0.0470218,1,
13,1.77867,-7.51908,0.369117,1,
13,3.62236,-7.71814,0.0307475,1,
13,2.31544,-7.22324,4.10114e-05,1,
13,2.30484,-7.09969,4.36006e-05,1,
13,0.370122,-8.60327,0.464044,1,
13,0.319107,-5.08609,0.108377,0,
13,2.22011,-7.74004,9.08968e-06,1,
13,1.09477,-7.6973,0.364572,0,
13,2.25834,-7.5811,2.20407e-05,1,
13,1.77582,-7.24324,0.00280124,1,
13,1.0455,-8.75539,0.576133,1,
13,0.674975,-75.5309,0.0403916,0,
13,0.930849,-7.00319,0.403273,1,
13,4.39241,-7.02102,0.0760894,1,
13,0.508518,-7.32584,0.541725,1,
14,1.17834,-7.08597,0.044127,1,
14,1.32333,-7.56044,0.327697,1,
14,2.26013,-6.94669,1.78979e-05,1,
14,2.25196,-7.57398,1.97222e-05,1,
14,0.308445,-6.9465,0.108083,1,
14,2.27974,-7.68485,2.66544e-05,0,
14,2.29419,-8.00223,3.79645e-05,1,
14,2.26498,-8.24111,3.53817e-05,0,
14,2.29166,-8.18373,3.31241e-05,1,
14,2.2694,-8.07512,6.17974e-05,1,
14,0.49755,-9.10036,0.181299,0,
14,2.26817,-8.20453,4.64588e-05,1,
14,0.781235,-8.07922,0.348451,0,
14,1.39305,-8.36804,0.261169,1,
14,2.27434,-7.99221,1.96948e-05,1,
14,2.29017,-8.52129,6.02087e-05,1,
14,2.27335,-7.7678,3.72494e-05,1,
14,2.2777,-7.91105,2.66298e-05,1,
14,1.71636,-7.75652,0.45359,1,
14,0.915313,-8.36461,0.476246,1,
14,1.1379,-8.7527,0.3305,0,
14,2.27073,-8.44405,3.59236e-05,1,
14,2.27006,-8.37647,2.78712e-05,1,
14,2.25877,-8.30303,2.27326e-05,1,
14,2.28245,-8.82319,1.40856e-05,1,
14,4.81302,-8.40728,0.245808,1,
14,0.27747,-1.36019,0.202246,0,
14,2.29301,-6.7629,2.67205e-05,0,
14,2.27276,-8.25925,5.74666e-05,1,
14,2.31941,-7.95658,5.17143e-06,1,
14,2.28786,-8.48378,4.59525e-05,1,
14,2.29562,-8.49348,2.23519e-05,1,
14,1.72207,-8.42645,0.138046,1,
14,2.25863,-7.44472,1.94593e-05,1,
14,0.4397,-8.28987,0.19677,0,
14,1.09138,-7.05614,0.450145,1,
14,2.26102,-7.05714,1.56533e-05,1,
14,1.78545,-8.19239,0.292745,0,
14,2.31593,-8.39226,4.36079e-05,1,
14,2.27774,-8.37934,1.23471e-05,1,
14,1.18611,-9.33676,0.390454,1,
14,2.02362,-8.5316,0.310565,1,
14,2.26615,-8.70647,9.69003e-06,1,
15,1.16244,-8.64913,0.424655,0,
15,0.335477,19.2529,0.102064,1,
15,2.07559,-8.73521,0.371302,1,
15,1.09536,-8.01985,0.137769,1,
15,0.752699,-7.0791,0.105894,1,
15,2.30751,-8.44848,5.12299e-05,1,
15,2.28503,-8.07781,4.12307e-05,1,
15,2.34609,-7.69991,4.0947e-05,1,
15,1.10881,-7.82767,0.248372,1,
15,1.08395,-8.11363,0.440666,1,
15,2.08132,-7.83879,0.0188049,1,
15,0.633584,95.9648,0.260809,0,
15,0.752719,-7.32736,0.35185,0,
15,2.30813,-8.14512,1.65404e-05,1,
15,2.25553,-7.65351,0.309193,1,
15,2.40849,-7.57622,0.137431,1,
15,1.52638,-6.4886,0.234137,1,
15,1.79195,-7.80881,0.136785,1,
15,2.25836,-7.48406,4.25289e-05,1,
4,1.00895,-10.6734,0.533223,1,
4,0.403197,-9.45819,0.542179,0,
4,1.77899,-9.79182,0.096317,1,
4,2.27658,-8.4052,1.2091e-05,1,
4,0.677295,-8.1364,0.543218,0,
4,1.88449,-7.64938,0.315241,1,
4,2.4016,-7.27766,0.0960708,1,
4,2.28509,-7.86796,1.78948e-05,1,
4,0.549185,-7.72086,0.189433,0,
4,4.61752,-7.82473,0.120019,1,
4,2.11573,-7.63788,0.275093,1,
4,1.9374,-7.29245,0.316541,1,
4,2.29883,-7.87696,2.0137e-05,1,
4,2.01147,-8.10234,0.260833,1,
4,2.27553,-7.30424,2.69152e-05,1,
4,2.28153,-8.66498,4.68128e-05,1,
4,2.27858,-8.82103,4.09701e-05,1,
4,3.83524,-8.56117,0.123956,1,
4,2.26101,-8.21095,5.73054e-05,1,
4,2.2954,-8.74204,8.14316e-06,1,
4,2.26187,-8.58973,3.70815e-05,1,
4,1.34786,-8.25514,0.414739,1,
4,0.55932,-8.17876,0.512869,0,
4,1.53241,-7.48561,0.0214033,1,
4,2.30153,-8.00866,3.05897e-05,1,
4,2.29084,-8.04207,1.02264e-05,1,
4,0.837322,-7.42788,0.454184,0,
4,0.775763,-8.56635,0.116085,1,
4,1.48733,-8.36096,0.401818,1,
4,3.35216,-7.07396,0.018603,1,
4,0.610163,-7.25317,0.280836,0,
4,2.04506,-7.95744,0.434801,1,
4,1.49974,-8.59522,0.485661,1,
4,2.26177,-8.25382,1.46642e-05,1,
4,2.26398,-8.95836,4.14459e-05,1,
4,2.28778,-8.84463,3.21267e-05,1,
4,1.6642,-8.40056,0.0415726,1,
4,2.24755,-8.9218,2.29992e-05,1,
4,2.32164,-8.5402,3.54435e-05,1,
4,0.250702,-32.8925,0.0571091,0,
4,0.325786,-54.9295,0.590316,0,
4,0.658335,-8.91135,0.29167,1,
4,2.28936,-8.02995,3.10457e-05,1,
4,2.3158,-8.40151,2.62581e-05,1,
4,2.14365,-8.52703,0.292002,1,
4,1.12573,-8.18304,0.28126,1,
4,2.35732,-8.40893,0.0061381,1,
4,0.848135,-7.37613,0.560541,1,
4,0.427934,-8.72475,0.174643,1,
4,0.506752,-8.71212,0.402185,0,
4,1.4317,-7.96588,0.258367,1,
4,2.28815,-8.05306,1.04259e-05,1,
4,1.2673,-8.18586,0.381011,1,
5,2.27865,-8.31224,3.75e-05,1,
5,2.19953,-8.24197,0.319824,1,
5,1.82107,-7.63848,0.442921,1,
5,2.29732,-7.85016,2.34684e-05,1,
5,0.423467,-7.45378,0.465123,0,
5,2.29946,-7.86977,2.8767e-05,1,
5,0.300843,-51.2119,0.358744,0,
5,2.26847,-7.79587,9.09743e-06,1,
5,1.10614,-8.98286,0.3141,1,
5,0.947561,-8.33312,0.359141,0,
5,2.28477,-8.72467,6.29912e-06,1,
5,2.31984,-8.78569,4.22653e-05,1,
5,1.53927,-8.58438,0.230063,1,
5,2.77681,-8.49224,0.205937,1,
5,2.258,-9.32783,1.63015e-05,0,
5,2.26032,-8.88107,8.91207e-06,1,
5,1.32268,-8.43118,0.455196,1,
5,1.48307,-8.02463,0.37721,1,
5,1.05647,104.519,0.0741542,0,
5,2.28454,-7.93933,1.98941e-05,1,
5,2.30171,-8.6324,3.62379e-05,1,
5,2.26548,-8.07892,4.22934e-05,1,
5,0.283319,10.9891,0.362342,0,
5,2.27125,-9.04097,2.63015e-05,1,
5,2.31051,-8.41201,2.90463e-05,1,
5,1.34942,-8.4698,0.309751,1,
5,2.27707,-9.09598,9.63405e-06,1,
5,2.28575,-7.46088,1.58829e-05,1,
5,2.10607,-8.17172,0.371911,1,
5,1.66519,-8.17823,0.335389,1,
5,2.25533,-7.40353,4.25357e-05,1,
5,4.21561,-7.44642,0.0674654,1,
5,1.26992,-7.67707,0.432767,1,
5,0.873534,-7.99644,0.383442,0,
5,2.28731,-7.52779,4.60724e-05,1,
5,3.9031,-7.04855,0.0415671,1,
5,2.32309,-7.75826,2.84901e-05,1,
5,1.70867,-9.33255,0.357745,1,
5,2.26677,-8.08074,1.72195e-05,1,
5,2.31029,-8.32602,3.93109e-05,1,
5,0.642027,-8.33316,0.166751,0,
5,2.32529,-8.49827,4.15697e-05,1,
6,2.29145,-7.47808,9.27704e-06,1,
6,0.941513,-8.57039,0.28669,0,
6,1.96469,-8.64907,0.366898,1,
6,0.899905,-8.38147,0.456334,1,
6,1.91094,-8.3047,0.454406,1,
6,2.29243,-7.69055,2.0365e-05,1,
6,1.3652,-7.58392,0.419992,1,
6,2.32597,-8.12555,2.61312e-05,1,
6,2.31699,-7.70532,3.42673e-05,1,
6,0.949329,-8.1683,0.278597,0,
6,4.29959,-8.01215,0.212596,1,
6,2.26297,-8.74601,5.6086e-05,1,
6,4.53182,-8.27223,0.12919,1,
6,3.2766,-8.00434,0.0948624,1,
6,2.28809,-8.52901,3.58863e-05,1,
6,2.88861,-8.07729,0.214334,1,
6,2.25378,-8.30518,6.96664e-06,1,
6,1.26141,-8.58486,0.471659,1,
6,3.92286,-8.33655,0.0232558,1,
6,2.27097,-8.22233,6.18541e-05,1,
6,1.94746,-6.9566,0.318995,1,
6,1.37865,-7.63983,0.309668,1,
6,2.29633,-7.73057,1.85096e-05,1,
6,2.29609,-7.93215,2.8386e-05,1,
6,0.486154,-7.476,0.190748,0,
6,2.28996,-7.4662,1.8435e-05,1,
6,2.27885,-7.97026,2.66402e-05,1,
6,0.642175,-9.01683,0.396233,0,
6,1.03408,-7.94472,0.349756,0,
6,2.28653,-8.41869,3.37061e-05,1,
6,3.07205,-8.53732,0.0634904,1,
6,4.34026,-8.32506,0.150478,1,
6,0.394043,-8.4842,0.376992,0,
6,1.72672,-8.2457,0.343678,1,
6,1.61621,-9.118,0.447929,1,
6,1.86896,-9.14409,0.495534,1,
6,1.53505,-8.62966,0.326697,1,
6,0.631897,-38.8526,0.0328852,1,
6,1.50012,-8.49315,0.0508527,1,
6,2.31139,-7.52764,1.86753e-05,1,
7,2.30029,-7.97927,1.254e-05,1,
7,2.32486,-7.61963,1.06069e-05,1,
7,2.286,-7.60234,2.57122e-05,1,
7,2.27223,-8.51905,5.48268e-05,1,
7,0.964291,-8.63006,0.52599,1,
7,2.30104,-8.15845,2.65021e-05,1,
7,2.04308,-7.94711,0.0460963,1,
7,1.54771,-7.97234,0.209869,1,
7,0.555042,-114.799,0.106013,0,
7,0.279879,-8.07715,0.486887,0,
7,1.44161,-8.13349,0.429963,1,
7,0.532559,-163.585,0.0212513,0,
7,1.82341,-8.67654,0.191604,1,
7,1.02934,-8.05136,0.00450827,1,
7,0.924866,-7.66301,0.0265404,1,
7,0.42439,-9.28703,0.5294,0,
7,2.31681,-8.68069,3.59204e-05,1,
4,0.742851,-9.18914,0.246806,1,
4,1.31034,-8.05672,0.511918,1,
4,0.371265,-3.26031,0.0609846,1,
4,2.28065,-9.75673,4.01243e-05,1,
4,2.29885,-10.9922,2.74816e-05,1,
4,1.02681,-9.67871,0.443334,1,
4,1.47799,-9.3489,0.193581,1,
4,1.52405,-9.74345,0.203105,1,
4,2.26551,-10.3406,3.22308e-05,1,
4,2.30303,-9.0331,2.50159e-05,1,
4,2.32258,-8.6151,2.64495e-05,1,
4,2.30531,-8.2967,7.84332e-06,1,
4,2.29118,-7.78967,2.4582e-05,1,
4,0.937655,-8.32141,0.370688,1,
4,0.537618,-7.68403,0.468165,1,
4,2.24982,-7.71709,9.81349e-06,1,
4,0.925812,-161.714,0.145533,0,
4,1.21608,-9.07329,0.0205452,1,
4,1.19537,-8.30197,0.24538,1,
4,0.470425,-7.45337,0.500793,1,
4,2.2901,-7.0849,3.40937e-05,1,
4,0.289671,-8.19746,0.17225,1,
4,2.17227,-7.12713,0.246423,1,
4,1.73816,-7.6376,0.277002,1,
4,2.20475,-8.43182,2.67045e-05,1,
4,1.19084,-8.114,0.314889,0,
4,0.328269,-43.9966,0.00675675,0,
4,1.81887,-6.98362,0.331575,1,
4,2.2541,-8.52457,2.72585e-05,1,
4,2.30666,-8.79877,5.08207e-05,1,
4,2.29388,-7.99438,1.42244e-05,1,
4,0.947281,-7.85008,0.050773,1,
4,2.29731,-7.92378,2.77863e-05,1,
4,2.24921,-8.07687,2.15452e-05,1,
4,2.27923,-8.10251,4.8842e-05,1,
4,2.32141,-7.84858,2.65857e-05,1,
4,0.295844,-31.4678,0.49325,0,
4,2.25958,-7.91664,2.32752e-05,1,
4,2.28132,-7.51702,4.11458e-05,1,
4,1.37347,-8.50632,0.244608,1,
4,4.12289,-9.22318,0.0590783,1,
4,2.28862,-8.43295,1.69776e-05,1,
4,2.30547,-9.16304,3.83748e-05,1,
4,2.84674,-8.11118,0.0368368,1,
4,3.85347,-7.97043,0.159097,1,
4,2.26538,-8.30405,4.50684e-05,1,
4,2.29575,-8.01906,3.12635e-05,1,
4,0.418699,-104.93,0.135653,0,
4,2.28919,-8.83855,3.58949e-05,1,
4,0.463088,-7.38733,0.541053,0,
4,2.29593,-8.36057,5.13578e-05,1,
4,0.286237,-8.62581,0.506229,0,
4,1.63308,-8.56139,0.346478,1,
4,2.28325,-7.98128,2.09423e-05,1,
4,1.59431,-8.89056,0.400626,1,
5,1.05651,-8.5976,0.420059,0,
5,2.32247,-8.02511,1.14349e-05,1,
5,1.72281,-8.93433,0.246161,1,
5,2.25926,-8.09899,5.81257e-05,1,
5,1.66672,-7.36038,0.3618,1,
5,2.3076,-7.77659,2.4209e-05,1,
5,1.88078,-7.50397,0.253387,1,
5,1.13154,-8.19075,0.280059,1,
5,0.872384,-7.94601,0.44132,1,
5,1.54079,-7.88087,0.296636,1,
5,1.13125,-7.60555,0.363185,1,
5,2.2737,-8.30688,4.08743e-05,1,
5,2.24659,-7.56705,4.4195e-05,1,
5,2.32458,-7.63057,4.49664e-05,1,
5,1.01803,-8.32242,0.279397,1,
5,0.893606,-7.61286,0.402436,0,
5,0.758136,-7.53185,0.284747,1,
5,0.717939,58.7542,0.0112131,0,
5,0.975321,-8.83287,0.267133,0,
5,0.627128,-8.00498,0.412094,0,
5,2.30056,-8.70837,4.11228e-05,1,
5,1.84903,-8.13193,0.442774,1,
5,1.21921,-8.21844,0.0188353,1,
5,1.90944,-8.36569,0.380707,1,
5,2.45375,-7.17184,0.244037,1,
5,2.29579,-7.59004,3.79064e-05,1,
5,4.13797,-8.03806,0.0728552,1,
5,1.85387,-7.1325,0.351109,1,
5,2.28473,-7.3733,2.50031e-05,1,
5,1.32545,-7.6983,0.373548,1,
5,2.32215,-8.08626,2.92416e-05,1,
5,1.68131,-8.33506,0.0556314,1,
5,2.31235,-8.0067,1.42851e-05,1,
5,1.87084,-8.31952,0.235943,1,
5,0.39609,-8.01284,0.330168,0,
5,1.00357,-7.73958,0.520356,0,
5,2.3035,-7.72629,2.444e-05,1,
5,1.72759,-7.94369,0.199448,1,
5,0.838878,-8.51299,0.256749,0,
5,3.74653,-7.46577,0.0128011,1,
5,2.25626,-7.70694,3.22989e-05,1,
5,1.55227,-7.35713,0.292942,1,
5,2.27792,-7.33219,4.35879e-05,1,
5,0.49413,-7.62081,0.484927,0,
6,2.31231,-8.39986,1.2344e-05,1,
6,2.24934,-8.44379,6.01672e-05,1,
6,2.25633,-8.65031,3.09337e-05,1,
6,1.12814,-7.46544,0.329316,1,
6,2.5174,-8.61352,0.184728,1,
6,0.960691,-7.68937,0.00514695,1,
6,2.28428,-7.5878,4.67895e-05,1,
6,1.32176,-7.45497,0.434547,1,
6,0.288031,-3.88357,0.40027,0,
6,2.40286,-8.12751,0.223778,1,
6,2.2658,-8.15061,4.29095e-05,1,
6,1.72362,-8.90708,0.0693842,1,
6,0.696463,-8.23802,0.499719,0,
6,1.90966,-8.36872,0.489442,1,
6,1.25619,-8.58873,0.0561846,0,
6,1.26506,-8.09989,0.36597,1,
6,1.89521,-8.78206,0.0186261,1,
6,2.06667,-8.49398,0.178732,1,
6,1.7992,-9.32546,0.235251,1,
6,4.13001,-8.07478,0.0881378,1,
6,1.88804,-8.82739,0.410156,1,
6,1.71317,-8.08392,0.255075,1,
6,1.36477,-8.27737,0.162451,1,
6,2.29554,-8.33485,6.00266e-06,1,
6,2.31381,-8.22468,2.58156e-05,1,
6,2.26125,-8.69429,7.01524e-06,1,
6,2.25042,-7.91186,2.61319e-05,1,
6,0.440927,-8.66133,0.542163,0,
6,2.29947,-8.69103,4.09083e-05,1,
6,2.34206,-8.39614,1.44191e-05,1,
6,1.22404,-7.78069,0.401809,1,
6,1.22343,-7.8625,0.011655,1,
6,2.26784,-6.98161,4.56725e-05,1,
6,0.960025,-7.32312,0.290326,1,
6,2.27931,-8.21084,2.76781e-05,1,
6,2.2379,-8.47004,1.81566e-05,1,
6,2.32173,-8.30847,8.52368e-06,1,
6,2.26804,-7.9511,1.32396e-05,1,
6,1.73637,-8.59753,0.352163,1,
6,0.283463,18.2425,0.0641835,0,
6,1.02611,-7.45288,0.46667,1,
6,2.27466,-7.97297,1.05448e-05,1,
6,1.41248,-8.08689,0.348372,1,
6,2.27591,-8.17826,2.35312e-05,1,
6,1.52495,-7.29006,0.0442653,1,
7,3.74961,-7.92946,0.0779811,1,
7,1.37318,-6.98934,0.425053,1,
7,0.313647,-2.55071,0.191274,0,
7,0.891021,-8.36778,0.0898409,1,
7,0.278895,-10.2391,0.063729,0,
7,1.76422,-8.3272,0.289277,1,
7,2.3034,-8.78737,2.01591e-05,1,
7,0.422948,-8.32778,0.509938,0,
7,0.695138,-8.33329,0.40375,0,
7,2.28893,-7.89142,2.28802e-05,1,
7,2.30574,-7.75586,3.02628e-05,1,
7,2.27975,-7.92301,3.85102e-05,1,
7,2.33371,-7.76157,2.53091e-05,1,
7,1.36857,-95.9952,0.0117685,0,
7,1.07355,-8.44534,0.541649,1,
7,0.653061,-8.50584,0.552968,1,
7,0.988132,-7.87312,0.136471,1,
7,0.517708,-7.85379,0.403938,0,
7,2.25532,-7.34332,2.93625e-05,1,
7,2.30998,-8.58326,4.80412e-05,1,
7,1.68913,-8.03874,0.337443,1,
7,1.67677,-8.41214,0.22689,1,
7,0.656147,-8.49021,0.282807,0,
7,2.27779,-7.51196,3.01209e-05,1,
7,2.26344,-8.00951,3.77852e-05,1,
7,2.29727,-88.0439,0.000299931,0,
7,2.2842,-7.35363,1.71728e-05,1,
7,1.36358,-7.60583,0.242652,1,
7,4.72576,-8.97217,0.0848433,1,
7,3.43475,-8.86424,0.395231,1,
7,2.2705,-7.88248,3.01215e-05,1,
7,1.8042,-7.47651,0.414023,1,
7,1.84384,-6.55066,0.325861,1,
7,1.17826,-7.57419,0.354071,1,
7,2.32541,-7.96461,2.6926e-05,1,
7,2.32337,-8.04331,3.65916e-05,1,
7,2.2711,-7.89598,4.32925e-05,1,
7,0.296116,-6.91104,0.583903,0,
7,1.85622,-8.59073,0.366988,0,
7,1.67525,-7.87737,0.369269,1,
7,2.30232,-8.90903,3.6212e-05,1,
7,2.31065,-9.15298,3.90983e-05,1,
7,1.85879,-8.4853,0.00497397,1,
7,2.27824,-7.83799,6.00027e-05,1,
8,2.27708,-8.1017,5.75888e-05,1,
8,0.72943,-7.98595,0.439322,0,
8,0.361627,57.648,0.128162,0,
8,2.26512,-7.96416,5.08433e-05,1,
8,2.31191,-7.57329,4.30523e-05,1,
8,2.29148,-8.09086,3.16968e-05,1,
8,2.31118,-7.58359,3.57892e-05,1,
8,0.770117,-7.63314,0.32682,0,
8,1.18202,-7.26117,0.102532,1,
8,0.662337,-7.4844,0.549014,0,
8,0.646236,92.9401,0.182644,0,
8,2.26738,-8.67123,4.51162e-05,1,
8,2.26923,-8.16508,2.30421e-05,1,
8,2.29093,-8.20273,3.43923e-05,1,
8,1.08907,-8.72633,0.251094,0,
8,0.359389,-8.36616,0.28195,0,
8,2.25668,-7.43178,7.1603e-05,1,
8,2.25992,-7.9382,4.46834e-05,1,
8,1.31692,-7.56726,0.442076,1,
8,2.2997,-7.45309,4.78029e-05,1,
8,1.13602,-8.12933,0.345814,1,
8,2.25084,-7.41997,1.85093e-05,1,
8,4.20144,-7.43866,0.0976105,1,
8,0.432179,-6.7871,0.533402,1,
8,2.27242,-7.63526,2.4242e-05,1,
8,1.42675,-7.89422,0.492445,1,
8,1.04425,-7.82125,0.413017,1,
8,0.978157,-7.387,0.447177,1,
8,2.29363,-7.92968,3.34267e-06,1,
8,2.33573,-8.14715,3.71773e-05,1,
8,2.28587,-8.13766,4.62516e-05,1,
8,2.2993,-8.84262,2.07061e-05,1,
8,2.28536,-7.83574,5.81006e-05,1,
8,1.71739,-8.35899,0.351518,1,
8,1.69361,-8.81236,0.420198,1,
8,2.23499,-8.14523,0.0692668,1,
8,2.29733,-8.2346,4.11112e-05,1,
8,2.29571,-8.43093,8.43634e-06,1,
8,2.25197,-7.4615,3.31535e-05,1,
8,2.31351,-7.01597,2.97383e-05,1,
8,1.59846,-7.68689,0.244863,1,
8,1.47655,-7.46029,0.361938,1,
8,2.2898,-7.11755,2.31961e-05,1,
9,1.08989,-7.60195,0.0214391,1,
9,0.289441,-7.09812,0.407093,0,
9,2.28535,-7.82968,6.00173e-05,1,
9,1.53143,-8.37841,0.341297,1,
9,0.333441,-8.15008,0.316069,0,
9,2.29612,-7.58378,2.7423e-05,1,
9,4.34825,-7.38851,0.0774863,1,
9,1.36244,-7.66695,0.00347032,1,
9,1.39882,-7.83664,0.0978481,1,
9,1.74135,-7.82109,0.225393,1,
9,2.3248,-7.96578,1.29288e-05,1,
9,2.07552,-7.25702,0.266133,1,
9,1.60567,-7.43361,0.00478171,1,
9,1.36585,95.0958,0.0924102,0,
9,2.28184,-7.61969,3.44938e-05,1,
9,2.30458,-8.12772,1.70958e-05,1,
9,2.2767,-7.30127,3.18451e-05,1,
9,0.40256,-88.0262,0.106777,0,
9,1.64587,-8.33594,0.403586,1,
9,2.11823,-7.43937,0.222812,1,
9,4.07765,-7.50484,0.0655499,1,
9,1.5659,-7.98114,0.375906,1,
9,1.72358,-7.76613,0.418396,1,
9,0.778873,-7.10659,0.266041,1,
9,2.3005,-7.9525,2.23377e-05,1,
9,1.63771,-7.05657,0.198754,1,
9,2.25201,-7.47162,2.42584e-05,1,
9,3.52781,-7.26165,0.00750373,1,
9,4.48387,-7.49206,0.0339418,1,
9,1.57269,-7.78129,0.415376,1,
9,1.91283,-7.71897,0.349297,0,
9,2.53726,-8.40696,0.148099,1,
9,1.14597,-8.45422,0.431644,1,
9,2.28596,-7.42856,3.57625e-05,1,
9,2.28511,-7.40196,3.95201e-05,1,
9,2.31742,-7.8818,5.87746e-05,1,
9,2.26332,-7.58459,1.0542e-05,1,
9,1.10773,-7.36529,0.364348,1,
9,0.330383,-5.89706,0.0278805,1,
9,0.544483,-8.32697,0.361078,0,
9,2.25236,-8.7253,3.92917e-05,1,
9,1.3039,-8.46094,0.434044,1,
9,2.14507,-8.18477,0.422089,1,
10,2.29376,-8.3513,4.55897e-05,0,
10,1.94955,-9.01207,0.0426796,0,
10,2.2683,-8.89753,8.99173e-06,0,
10,2.29311,-8.44188,2.50997e-05,1,
10,0.576821,-7.88675,0.417097,0,
10,1.44106,-8.20504,0.392636,0,
10,3.85684,-8.25896,0.0320437,0,
10,2.25327,-7.55923,3.74208e-05,0,
10,1.1071,-7.53044,0.27362,0,
10,1.19351,-8.33045,0.34029,0,
10,1.46185,-8.47852,0.257702,0,
10,4.559,-7.829,0.0588588,0,
10,0.394262,-8.57249,0.536705,0,
10,0.398621,-7.89058,0.0701361,1,
10,1.43025,-7.56405,0.391161,1,
10,4.50161,-7.65277,0.0668231,0,
10,2.24019,-7.8568,2.13131e-05,0,
10,2.2652,-7.87891,1.88484e-05,0,
10,2.25624,-8.23467,4.58432e-05,0,
10,2.2693,-8.82748,7.14764e-06,0,
10,1.25601,-7.99075,0.408027,1,
10,1.92387,-8.18407,0.0984184,0,
10,2.27947,-6.59299,4.78899e-05,0,
10,1.11508,-7.29399,0.559721,1,
10,1.65963,-7.33606,0.298064,0,
10,2.59635,-7.73401,0.279425,0,
10,2.26187,-7.29863,2.70451e-05,0,
10,1.02687,-7.86764,0.566052,1,
10,1.94842,-7.38551,0.356444,0,
10,1.10026,-65.087,0.333199,0,
10,0.820524,-7.64244,0.334844,0,
10,2.26993,-7.55061,1.49203e-05,1,
10,1.13824,-7.99022,0.455142,0,
10,4.65588,-8.23698,0.104831,1,
10,2.26664,-8.8691,4.57621e-05,0,
10,2.30253,-8.45316,0.0715531,0,
10,0.411514,-8.0548,0.428233,0,
10,0.319691,-87.0503,0.0271618,0,
10,0.28647,-13.6111,0.178962,0,
10,2.25986,-8.08744,4.13378e-05,0,
10,0.993157,-8.35832,0.536075,1,
10,1.77467,-8.14775,0.454413,0,
10,1.63412,-7.76813,0.35856,0,
10,2.28619,-7.35271,1.52688e-05,1,
11,2.22015,-8.56317,1.71837e-05,0,
11,0.542073,162.753,0.0798389,0,
11,2.27577,-8.1233,4.72008e-05,0,
11,2.28659,-7.37973,5.46686e-05,0,
11,0.581455,-8.64896,0.333357,0,
11,2.30584,-7.89073,4.46049e-06,0,
11,2.26777,-7.60709,5.74292e-05,0,
11,2.2136,-7.94695,4.08791e-05,0,
11,1.06216,-7.19889,0.580046,0,
11,1.86971,-7.69169,0.103559,0,
11,2.28384,-7.58505,0.245781,0,
11,2.22811,-8.17025,7.51718e-06,0,
11,2.32691,-8.53169,2.96736e-05,0,
11,2.19365,-7.76268,0.338923,0,
11,1.17064,-8.01759,0.073026,0,
11,1.07922,-7.72011,0.246024,0,
11,1.16125,-7.65603,0.107584,0,
11,2.27663,-8.81679,2.45032e-05,0,
11,0.288616,0.971491,0.0367686,0,
11,1.63145,-7.90479,0.293725,0,
11,2.29722,-7.20184,2.47842e-05,0,
11,2.31558,-7.15914,1.86873e-05,0,
11,2.30242,-7.42243,2.63947e-05,0,
11,1.71337,-8.76813,0.326273,0,
11,2.20992,-8.07989,0.137383,0,
11,1.16771,-7.85285,0.36924,0,
11,1.92733,-7.92462,0.214734,0,
11,1.44468,-7.93525,0.200008,0,
11,2.29533,-7.6531,2.32082e-05,0,
11,2.26313,-7.80756,2.12637e-05,0,
11,2.27188,-7.48453,1.73797e-05,0,
11,0.287816,-8.10378,0.581793,0,
11,1.54588,-8.34209,0.314487,0,
11,2.24893,-7.69313,1.37042e-05,0,
11,4.20711,-8.64488,0.087136,0,
11,2.00975,-8.3372,0.427863,0,
11,2.25333,-7.75877,6.72987e-05,0,
11,2.28215,-8.31332,5.87883e-05,0,
11,2.28154,-8.03699,3.34389e-05,0,
11,0.289463,-7.84231,0.279099,0,
11,1.83915,-7.58012,0.311589,0,
11,2.27031,-8.46156,1.94937e-05,0,
11,0.289157,-8.0332,0.495735,0,
11,2.06113,-8.98108,0.13607,0,
11,1.56601,-8.33991,0.222621,0,
11,2.26731,-8.48049,5.3122e-06,0,
12,2.26502,-7.52103,2.91004e-05,1,
12,1.23864,-7.47769,0.344494,1,
12,0.210235,-73.3232,0.150393,0,
12,2.30396,-6.96841,2.6783e-05,1,
12,0.818571,-7.71717,0.139047,1,
12,0.897709,-8.47004,0.377173,1,
12,2.29108,-8.0992,2.91043e-05,1,
12,2.29056,-8.36055,2.03113e-05,1,
12,2.30108,-8.89143,3.37261e-05,1,
12,1.28449,-8.03579,0.414655,1,
12,0.703696,-7.90002,0.399758,1,
12,2.26321,-7.6171,4.11502e-05,1,
12,1.37968,-8.17939,0.121813,1,
12,2.33826,-7.4,4.11374e-06,1,
12,1.80252,-7.19241,0.322075,1,
12,2.27574,-8.32833,3.04343e-05,1,
12,2.26589,-7.41488,2.93037e-05,1,
12,0.318812,3.81597,0.200746,1,
12,2.23282,-8.32997,1.94954e-05,1,
12,2.33081,-8.45095,3.49313e-05,1,
12,0.830939,-91.1961,0.195781,0,
12,1.95702,-8.11679,0.190688,1,
12,1.86577,-8.34483,0.0830932,1,
12,2.24742,-8.51811,5.33682e-06,1,
12,2.26373,-8.17476,7.7736e-05,1,
12,1.07754,-7.82166,0.398437,1,
12,2.29217,-7.42659,1.76397e-05,1,
12,4.2321,-7.41705,0.119501,1,
12,2.26423,-7.93894,1.59327e-05,1,
12,0.826838,-7.86188,0.35283,0,
12,2.26958,-8.18298,1.66206e-05,1,
12,1.9131,-7.41671,0.0083213,1,
12,2.04818,-7.19044,0.0840198,1,
12,1.79336,-8.56477,0.0932055,1,
12,1.62053,-7.89506,0.272027,1,
12,0.354357,-8.15928,0.550498,1,
12,1.41166,-8.01718,0.513054,1,
12,2.27564,-8.05498,2.67601e-05,0,
12,0.638554,-8.15368,0.0341419,1,
12,1.32536,-7.36042,0.287066,1,
12,1.76258,-8.15401,0.36331,1,
12,1.49846,-8.96995,0.114771,1,
12,3.45912,-8.43535,0.033686,1,
12,2.32739,-8.62429,4.18701e-05,1,
12,2.31214,-7.43355,3.36202e-05,1,
12,2.28991,-7.32002,1.63405e-05,1,
13,0.325277,-47.7703,0.0548394,0,
13,2.30067,-7.00176,2.38142e-05,1,
13,1.61921,-7.59005,0.450765,1,
13,1.743,-7.23838,0.304885,1,
13,2.3087,-7.69597,1.3383e-05,1,
13,2.30586,-8.53846,1.27091e-05,1,
13,2.28881,-8.57129,2.78269e-05,1,
13,1.0639,-8.2863,0.34352,1,
13,2.28911,-7.88116,2.02734e-05,1,
13,1.0006,-6.77242,0.0994069,1,
13,2.23787,-7.33793,4.25254e-05,1,
13,1.46911,-7.42789,0.480279,1,
13,2.27737,-7.17427,2.33097e-05,1,
13,0.487196,64.2891,0.381568,1,
13,1.27702,-7.80531,0.0362761,1,
13,2.3113,-8.5447,3.58265e-05,1,
13,2.27419,-9.06802,2.28297e-05,1,
13,5.06343,-8.12759,0.00843398,1,
13,0.26084,-10.7648,0.34797,0,
13,2.30932,-8.34758,1.73056e-05,1,
13,1.94656,-8.44186,0.240764,1,
13,2.32089,-7.84459,3.78888e-05,1,
13,1.14617,-7.72275,0.396814,1,
13,1.56806,-7.89693,0.285533,1,
13,2.2888,-7.48063,1.95926e-05,1,
13,2.27615,-7.50115,2.314e-05,1,
13,3.31461,-8.18321,0.051912,1,
13,1.6611,-7.97528,0.357319,1,
13,2.13413,-8.55178,0.263935,1,
13,1.10461,-8.02253,0.514458,1,
13,1.57221,-7.93256,0.268543,1,
13,2.99985,-7.67036,0.174737,1,
13,1.48004,-7.76982,0.18262,1,
13,2.28987,-7.68461,4.11132e-05,1,
13,2.29968,-8.29214,3.33597e-05,1,
13,1.12204,-8.46112,0.445609,1,
13,2.27762,-8.29884,4.06165e-05,1,
13,1.62202,-7.58111,0.338357,1,
13,1.31692,-8.13608,0.367797,1,
13,2.82957,-7.73109,0.0105635,1,
13,1.68632,-8.44543,0.136924,1,
13,2.2834,-8.15153,2.14372e-05,1,
13,2.2521,-7.85789,1.66893e-05,1,
13,0.348162,-8.43427,0.559589,0,
13,2.30201,-7.8245,2.2032e-05,1,
14,2.24946,-8.49565,5.07489e-05,1,
14,2.25701,-7.66839,4.30611e-05,1,
14,2.28233,-7.83716,1.63443e-05,1,
14,1.10021,-7.74943,0.466039,1,
14,2.06844,-7.92079,0.278709,1,
14,2.26737,-7.4782,6.76694e-06,1,
14,2.127,-8.16723,0.291778,1,
14,2.29665,-9.33454,9.61723e-06,1,
14,2.24263,-8.21846,8.64034e-06,1,
14,2.27373,-8.19304,1.7272e-05,0,
14,1.67893,-8.22492,0.35584,1,
14,2.27458,-7.78533,1.14899e-05,1,
14,0.766981,-7.78345,0.311372,1,
14,2.31761,-7.42638,1.7177e-05,1,
14,0.450428,-8.08419,0.533775,0,
14,1.86172,-7.39406,0.33802,1,
14,2.29645,-7.58741,1.51273e-05,1,
14,2.30011,-7.20864,2.78832e-05,1,
14,2.30606,-7.68521,1.57205e-05,1,
14,2.28911,-8.08674,1.46333e-05,1,
14,0.385293,-8.62717,0.512145,0,
14,2.26977,-8.11757,2.09061e-05,1,
14,1.29153,-8.54091,0.256431,1,
14,0.448561,-8.72973,0.425553,1,
14,2.27276,-9.21731,1.80355e-05,1,
14,2.25546,-9.10961,8.86753e-06,1,
14,0.335199,0.014656,0.0634246,1,
14,2.25497,-7.85507,3.52231e-05,1,
14,0.393302,-7.35086,0.0311464,1,
14,1.12121,-7.85242,0.0143764,1,
14,2.28016,-7.44647,1.43788e-05,1,
14,4.76178,-7.5454,0.160102,1,
14,0.317211,-7.40814,0.222883,0,
14,2.36738,-7.85504,5.28866e-05,1,
14,0.292168,-7.48839,0.54481,0,
14,1.78529,-9.30824,0.144819,1,
14,2.29048,-9.23122,4.38483e-05,1,
14,2.26894,-8.00416,2.13488e-05,1,
14,1.13215,-8.63192,0.0456698,1,
14,4.43239,-8.5028,0.0969558,1,
14,2.28946,-7.89422,1.18943e-05,1,
14,0.492369,-8.26491,0.441616,1,
14,2.29736,-8.644,1.30276e-05,0,
14,1.91095,-7.64224,0.188842,1,
14,2.32599,-7.86254,3.59837e-05,1,
15,1.20255,-8.62414,0.322986,1,
15,2.28104,-7.9761,2.26401e-05,0,
15,0.831219,-7.83185,0.335299,0,
15,2.25705,-7.5102,1.98531e-05,1,
15,4.60993,-8.42198,0.0922216,1,
15,2.30881,-8.53014,2.28272e-05,1,
15,2.28502,-8.46575,2.16834e-05,1,
15,2.28897,-8.10187,2.8395e-05,1,
15,4.63187,-8.57866,0.0559016,1,
15,2.21163,-8.48536,0.332252,0,
15,1.0536,-7.94203,0.468643,0,
15,2.28637,-8.70846,8.89055e-06,1,
15,2.29087,-9.16191,1.56288e-05,1,
15,0.433002,-89.5589,0.053272,0,
15,2.27968,-9.07177,1.82403e-05,1,
15,4.35524,-8.32332,0.0734033,1,
15,2.28481,-7.80058,5.79264e-05,1,
15,2.24156,-8.18105,9.51282e-06,1,
15,0.435795,-7.9322,0.437898,0,
4,1.44578,-7.69669,0.220534,1,
4,2.2794,-8.2663,3.51233e-05,1,
4,2.30632,-7.58823,4.74617e-05,1,
4,2.26792,-7.98364,3.01278e-05,1,
4,1.43563,-7.71641,0.369449,1,
4,0.500455,-8.40915,0.550193,0,
4,1.20257,-7.8518,0.326808,1,
4,1.80123,-7.74761,0.314164,1,
4,1.52148,-7.75465,0.0363889,1,
4,2.26339,-8.22799,1.80804e-06,1,
4,2.31927,-7.44832,1.22907e-05,1,
4,3.71525,-6.44463,0.0865514,1,
4,2.315,-7.42008,4.86381e-05,1,
4,1.81338,-6.94929,0.424788,1,
4,1.54853,-7.09564,0.211576,1,
4,1.19233,-7.52295,0.442143,0,
4,1.41504,-137.297,0.0711221,0,
4,2.30567,-6.84336,4.2671e-05,1,
4,1.03125,-6.52283,0.0327826,1,
4,1.10573,-6.92586,0.324599,1,
4,5.04999,-7.54458,0.125244,1,
4,1.53074,-7.51235,0.307628,1,
4,2.25145,-7.3106,0.280895,1,
4,2.31985,-7.49072,0.432933,1,
4,2.30354,-7.04839,4.08486e-05,1,
4,0.35371,-7.36922,0.452756,0,
4,1.2957,-7.45871,0.341735,1,
4,0.705393,-7.06987,0.424882,0,
4,2.31524,-6.98443,6.89683e-06,1,
4,2.29712,-7.72544,3.21467e-05,1,
4,2.29942,-7.54824,4.86593e-05,1,
4,2.25386,-7.46397,1.73976e-05,1,
4,2.28787,-8.06631,2.2709e-05,1,
4,0.770854,-7.69564,0.293887,0,
4,1.18514,-7.36842,0.434393,1,
4,0.53397,-7.21599,0.371288,1,
4,1.18105,-6.76211,0.085193,1,
4,2.26683,-7.59015,1.18561e-05,1,
4,1.49328,-6.67406,0.404898,1,
4,2.17852,-7.26698,0.286122,1,
4,1.33412,-7.72457,0.47018,1,
4,2.28072,-7.35875,1.33768e-05,1,
4,1.53165,-7.42608,0.297682,1,
4,1.60548,-6.96825,0.249877,1,
4,0.376493,-49.0889,0.159388,1,
4,1.3549,-7.46959,0.270018,1,
5,0.891869,-8.1342,0.437645,0,
5,1.09902,-7.47733,0.0404288,1,
5,2.31206,-7.882,4.17583e-05,1,
5,1.0655,-7.44538,0.0966012,1,
5,3.94941,-7.31285,0.143883,1,
5,2.17684,-6.86574,0.0110593,1,
5,2.20381,-7.59851,0.13387,1,
5,2.28864,-7.45353,3.16485e-05,1,
5,2.29491,-7.3811,4.41735e-05,1,
5,0.875973,-7.32516,0.419021,1,
5,1.55713,-7.42086,0.211167,1,
5,2.27501,-7.15445,3.21689e-05,1,
5,2.28805,-7.02889,5.23927e-05,1,
5,2.25016,-7.04146,5.27838e-05,1,
5,0.712186,-7.83299,0.470132,0,
5,1.48269,-7.70792,0.334856,1,
5,1.95564,-7.61561,0.280827,1,
5,2.24867,-6.99415,7.08698e-06,1,
5,0.571475,-6.379,0.553146,0,
5,1.49963,-7.7632,0.455936,1,
5,2.27203,-7.60059,5.17049e-05,1,
5,1.08272,-7.64754,0.260213,1,
5,2.27675,-7.61315,1.59274e-05,1,
5,1.95109,-8.08633,0.355729,1,
5,2.3889,-8.32207,0.308965,1,
5,2.28123,-8.2874,3.71394e-05,1,
5,2.09535,-8.06272,0.243281,1,
5,2.30083,-7.89207,2.50698e-05,1,
5,1.14535,-7.80341,0.370681,0,
5,0.62349,-7.28327,0.400866,0,
5,1.66391,-7.70699,0.380198,1,
5,4.61598,-7.32836,0.0803658,1,
5,0.306892,-20.8336,0.18027,1,
5,2.31035,-7.47906,4.53005e-06,1,
5,1.9535,-7.50874,0.161204,1,
5,2.29934,-7.71531,5.71564e-05,1,
5,2.30601,-7.07406,5.14491e-05,1,
5,2.31616,-6.45343,3.85921e-05,1,
5,2.25065,-6.64129,7.58084e-06,1,
5,2.11251,-7.13411,0.016991,1,
5,2.29817,-7.39087,1.2611e-05,1,
5,2.29068,-6.89603,2.25623e-05,1,
5,2.29463,-7.4945,2.20457e-05,1,
5,2.27712,-7.36767,3.10876e-05,1,
5,1.3203,-7.75731,0.310925,1,
6,1.8531,-8.07252,0.440041,1,
6,1.66319,-7.73818,0.546797,1,
6,0.696703,-8.00457,0.391089,0,
6,2.30274,-7.48138,5.37792e-05,1,
6,1.4724,-6.70776,0.395466,1,
6,0.405095,-12.6688,0.0672176,1,
6,2.26445,-6.82276,2.63592e-05,1,
6,2.30077,-7.39625,1.78124e-05,1,
6,2.28456,-6.5079,1.7507e-05,1,
6,4.46159,-6.45358,0.12508,1,
6,2.25374,-6.85861,2.02725e-05,1,
6,2.26282,-6.66011,3.41169e-05,1,
6,1.03182,-7.15192,0.378845,1,
6,0.879689,-7.50714,0.427085,0,
6,3.54502,-7.21306,0.0155194,1,
6,2.24855,-6.61213,8.45803e-06,1,
6,2.26548,-6.63823,3.05248e-05,1,
6,2.29141,-7.96681,4.38756e-05,0,
6,2.30816,-7.64262,1.43933e-05,1,
6,1.04943,-7.00698,0.367684,1,
6,0.48681,-7.9734,0.444222,1,
6,2.26505,-8.01284,7.27726e-06,1,
6,1.90612,-7.43525,0.430184,1,
6,1.30009,-7.5071,0.0561874,1,
6,1.30873,-7.44893,0.03252,1,
6,1.79958,-7.29817,0.365252,1,
6,1.16494,-6.6988,0.522978,1,
6,2.27972,-7.2985,4.09974e-05,1,
6,2.32624,-7.22262,3.72226e-05,1,
6,2.29004,-7.0538,3.6036e-05,1,
6,2.39624,-7.46918,0.442018,1,
6,1.4721,-7.51591,0.210498,1,
6,2.28445,-7.18553,5.75687e-06,1,
6,0.429554,-7.93883,0.469697,0,
6,2.2897,-7.30974,6.66794e-06,1,
6,2.27773,-6.92294,5.53415e-05,1,
6,0.521278,-7.5597,0.360588,1,
6,0.540274,-7.70649,0.542115,1,
6,0.70747,-7.65552,0.37253,1,
6,1.90375,-7.55514,0.129152,1,
6,2.37004,-7.81145,0.03536,1,
6,0.652983,-7.71526,0.038272,1,
6,1.18839,-7.71981,0.381225,1,
7,1.66593,-7.7731,0.461685,1,
7,1.83386,-7.92382,0.395666,1,
7,2.31373,-7.14571,4.48835e-05,1,
7,0.628977,-7.63809,0.454354,1,
7,1.51668,-7.50058,0.348646,1,
7,2.29676,-7.60479,4.01452e-05,1,
7,2.27869,-8.0285,3.03601e-05,1,
7,1.71092,-6.62933,0.400527,1,
7,2.2465,-6.68692,3.18511e-05,1,
7,1.8433,-7.84965,0.429776,1,
7,2.7848,-6.96755,0.0448874,1,
7,1.44278,-6.92059,0.214578,1,
7,2.2984,-7.87787,2.14673e-05,1,
7,2.71854,-7.50928,0.0728047,1,
7,2.29141,-7.02951,3.22062e-05,1,
7,2.30651,-7.58471,1.81492e-05,1,
7,1.65998,-8.4368,0.267161,1,
7,2.25546,-8.39957,3.96291e-05,1,
7,0.846685,-7.75545,0.038926,1,
7,1.27078,-8.77209,0.194508,1,
7,2.3965,-7.13351,0.121393,1,
7,0.310743,-14.253,0.174671,1,
7,1.04028,-7.42576,0.40836,1,
7,0.802066,-7.30924,0.49505,0,
7,2.07555,-7.68401,0.400403,1,
7,2.31136,-8.72084,2.21092e-05,1,
7,2.28662,-7.81465,6.91884e-05,1,
7,0.49052,-21.3962,0.0419613,1,
7,2.27932,-8.68117,1.62841e-05,1,
7,1.03314,-7.85351,0.426446,0,
7,1.66178,-7.34166,0.35632,1,
7,2.29906,-6.64218,4.86443e-05,1,
7,0.49496,-6.6875,0.504829,1,
7,2.34693,-7.51596,0.380045,1,
7,1.30998,-7.41383,0.428669,0,
7,0.321011,-8.14263,0.316303,0,
7,2.34396,-7.83956,1.12458e-05,1,
7,1.64159,-8.42546,0.377511,1,
7,2.26526,-7.32591,4.32413e-05,1,
7,2.28648,-7.45359,4.08519e-06,1,
7,2.252,-6.9459,1.34698e-05,1,
7,2.28086,-7.82696,3.65391e-05,1,
8,0.636532,-7.2459,0.499988,0,
8,2.28252,-8.28248,4.46063e-05,1,
8,2.27824,-7.85923,4.23618e-05,1,
8,2.26878,-8.35119,1.7432e-05,1,
8,3.16336,-8.07774,0.0257431,1,
8,2.25157,-8.09547,5.24479e-05,1,
8,2.283,-7.98248,3.67061e-05,1,
8,1.76307,-7.60406,0.302889,1,
8,2.27571,-8.00166,4.21915e-05,1,
8,1.30778,-7.50464,0.373215,1,
8,1.37648,-7.51878,0.346453,1,
8,1.98764,-6.91287,0.339031,1,
8,2.31014,-7.26821,5.04758e-05,1,
8,2.29916,-6.84235,0.237946,1,
8,1.20356,-6.88616,0.280692,1,
8,2.30618,-6.94071,5.3205e-05,1,
8,2.28233,-7.34274,5.19071e-05,1,
8,2.27566,-7.12514,2.26886e-05,1,
8,2.27974,-6.57941,3.74444e-05,1,
8,1.52839,-7.26456,0.298833,1,
8,2.31793,-6.84191,1.0086e-05,1,
8,3.62329,-7.38876,0.0913571,1,
8,0.422251,-7.76249,0.564818,1,
8,2.29523,-6.73259,3.70173e-05,1,
8,2.29614,-7.12104,5.79406e-05,1,
8,1.74862,-7.43499,0.388405,1,
8,1.73011,-7.10189,0.422555,1,
8,1.32552,-7.09698,0.406465,1,
8,1.83333,-6.94779,0.0212739,1,
8,4.34965,-7.29788,0.115599,1,
8,2.29567,-6.76416,3.00214e-05,1,
8,1.27745,-7.4977,0.387311,1,
8,0.394728,-5.90432,0.0313353,1,
8,2.26193,-6.96878,2.04345e-05,1,
8,0.862927,-7.27743,0.463996,1,
8,0.662311,-7.04853,0.398868,0,
8,1.70886,-6.91413,0.194382,1,
8,1.35933,-7.29999,0.342262,1,
8,4.44402,-6.64384,0.0945727,1,
8,0.732111,-7.56543,0.0900046,1,
8,0.696409,-8.79952,0.419039,0,
8,2.30464,-7.48477,7.24204e-06,1,
8,0.819448,-7.76012,0.456022,0,
8,0.292517,-7.37209,0.543954,0,
8,1.32817,-7.75381,0.351757,1,
9,1.33517,-8.35515,0.336082,1,
9,0.941229,-7.96377,0.404509,1,
9,2.27594,-8.25365,2.16946e-05,1,
9,2.27105,-8.1892,3.71643e-05,1,
9,2.28924,-8.4145,2.35972e-05,1,
9,1.55099,-8.45794,0.407848,1,
9,2.23167,-7.21276,0.393485,1,
9,0.726602,-7.46044,0.117047,1,
9,2.27942,-6.44455,2.52379e-05,1,
9,2.27659,-6.49355,2.69717e-05,1,
9,2.25228,-7.41204,2.37847e-05,1,
9,2.27105,-7.74291,3.88275e-05,1,
9,1.09998,-7.82507,0.180261,1,
9,2.31957,-7.49474,0.391821,1,
9,0.549809,-7.02421,0.0175211,1,
9,2.28888,-7.41673,1.02395e-05,1,
9,1.39696,-7.2028,0.521838,1,
9,1.16615,-7.44207,0.34535,1,
9,1.60777,-8.2616,0.289265,1,
9,1.65225,-7.25726,0.323151,1,
9,1.51657,-7.31633,0.321707,1,
9,2.29693,-7.07239,4.55091e-05,1,
9,1.84797,-7.27902,0.483957,1,
9,1.54572,-6.99664,0.424446,1,
9,0.686709,94.3345,0.0394803,0,
9,0.669309,-7.75434,0.17884,1,
9,2.31217,-7.08242,3.429e-05,1,
9,1.10572,-7.59933,0.30072,1,
9,0.548989,-7.56203,0.421855,0,
9,2.28363,-6.85788,4.22716e-05,0,
9,1.71659,-7.09575,0.408226,1,
9,2.26698,-7.26246,4.39673e-05,1,
9,0.572681,-6.9551,0.394401,0,
9,2.31526,-7.21831,1.80801e-05,1,
9,4.41559,-8.43112,0.137081,1,
9,1.32273,-7.53782,0.300753,1,
9,2.29062,-7.42703,3.62246e-05,1,
9,2.30404,-8.31772,3.38259e-05,1,
9,2.30755,-8.03955,1.21155e-05,1,
9,0.664602,-7.56614,0.569218,0,
9,0.310547,-7.62171,0.555549,0,
9,0.866818,-7.23925,0.363386,1,
9,2.28345,-8.0105,3.45482e-05,1,
10,2.24801,-7.31032,7.10513e-05,0,
10,1.60701,-8.87424,0.323353,0,
10,0.753228,-7.88045,0.391098,0,
10,0.350806,-69.9798,0.0487749,0,
10,0.373316,-7.95239,0.521205,0,
10,5.05997,-7.46853,0.00977032,0,
10,2.28211,-7.77531,9.2913e-06,0,
10,2.26499,-6.75327,2.07225e-05,1,
10,0.693356,-7.01372,0.215792,0,
10,1.40141,-7.65289,0.274001,0,
10,0.763871,63.026,0.0960815,0,
10,2.24223,-6.98185,9.81625e-06,0,
10,2.33316,-7.45274,4.96992e-05,1,
10,2.30269,-7.88367,3.8183e-05,0,
10,2.28271,-8.12042,1.58422e-05,1,
10,2.27524,-6.99634,1.13569e-05,0,
10,2.29087,-8.14152,3.87307e-05,1,
10,1.53297,-8.27872,0.199454,1,
10,1.67672,-7.16618,0.355029,0,
10,2.7102,-8.08096,0.0185501,0,
10,1.31406,-7.17351,0.190729,0,
10,2.28865,-8.15819,3.91807e-06,0,
10,2.16769,-7.25953,0.146406,0,
10,1.73754,-7.00461,0.455609,0,
10,2.34259,-7.52745,5.34058e-05,0,
10,0.39431,-7.83618,0.521515,0,
10,1.06745,-8.46692,0.168889,0,
10,2.3128,-7.99595,2.05666e-05,0,
10,2.31245,-7.58902,4.59069e-05,0,
10,0.377067,-7.27488,0.329618,0,
10,2.25153,-7.96525,2.35017e-05,0,
10,0.361246,-7.61757,0.121726,1,
10,2.32067,-7.70057,3.65768e-05,0,
10,1.33746,-8.79974,0.353614,0,
10,3.7449,-7.42726,0.0719225,0,
10,2.27527,-7.72197,1.79221e-05,0,
10,2.30533,-7.15258,3.73954e-05,0,
10,0.924718,-7.35242,0.390416,0,
10,0.954779,-7.54344,0.47063,0,
10,2.35183,-7.63289,3.62177e-06,0,
10,4.41367,-7.60489,0.0903465,0,
10,2.26482,-8.62957,1.91943e-05,0,
10,1.337,-7.77308,0.36525,0,
10,2.28189,-7.58582,5.27145e-05,0,
10,2.25981,-7.87143,4.67296e-05,0,
10,0.264461,83.8528,0.0548556,0,
10,1.41595,-8.04714,0.00758566,1,
10,1.14214,-8.28021,0.369353,1,
11,3.02354,-7.48048,0.0117169,0,
11,3.71902,-7.97286,0.0787251,0,
11,1.50695,-8.62534,0.41507,0,
11,2.32834,-7.14793,4.91317e-05,0,
11,1.48906,-7.45027,0.233064,0,
11,1.22964,-6.70003,0.248502,0,
11,1.49008,-7.41581,0.101776,0,
11,2.30482,-7.67302,1.00369e-05,0,
11,2.24526,-7.73698,7.50485e-06,0,
11,2.3084,-7.67289,6.01689e-05,0,
11,1.39392,-8.05166,0.187728,0,
11,0.674877,-7.46216,0.304029,0,
11,0.362643,-7.34741,0.486495,0,
11,2.27112,-6.63063,6.03138e-06,0,
11,4.3482,-7.8836,0.0551316,0,
11,2.26461,-7.32818,1.84272e-05,0,
11,2.30099,-7.94973,4.58753e-05,0,
11,2.13697,-8.50293,0.149101,0,
11,1.01216,-7.50769,0.223808,0,
11,0.405669,-7.78635,0.508777,0,
11,2.3011,-7.9845,1.98712e-05,0,
11,0.702045,-7.91415,0.0166368,0,
11,1.69202,-8.00088,0.353739,0,
11,2.31382,-7.50517,3.5808e-05,0,
11,1.5575,-7.29214,0.187899,0,
11,0.305041,-8.27953,0.593499,0,
11,2.25571,-8.04199,5.9806e-05,0,
11,4.78012,-8.49952,0.126945,0,
11,2.29433,-7.89136,4.17932e-05,0,
11,0.273092,-11.3335,0.408814,1,
11,0.471648,4.79137,0.0452563,0,
11,1.71393,-7.36464,0.330758,0,
11,2.30698,-7.78989,2.64383e-05,0,
11,2.289,-7.30573,1.09386e-05,0,
11,2.271,-8.68549,3.58522e-05,0,
11,1.67718,-8.22669,0.321754,0,
11,2.28144,-8.04856,3.26501e-05,0,
11,1.22281,-7.18207,0.4514,0,
11,1.09182,-7.06407,0.13348,0,
11,0.895017,-6.89894,0.358304,1,
11,2.28927,-7.28664,3.47674e-05,0,
11,2.29118,-7.44777,4.55033e-05,0,
11,1.88991,-8.59569,0.0229781,0,
12,2.49612,-7.99782,0.0815812,1,
12,2.27821,-8.26334,1.04428e-05,1,
12,0.28606,-29.0013,0.246739,0,
12,2.2862,-8.57434,5.99859e-05,1,
12,0.59616,-7.51007,0.299635,1,
12,0.706468,-6.62743,0.1125,0,
12,0.447714,-7.72952,0.375119,0,
12,2.26278,-7.27406,1.92384e-05,1,
12,2.28355,-6.65461,6.40058e-05,1,
12,2.25777,-8.23189,9.52003e-06,1,
12,2.29538,-8.07695,3.23547e-05,1,
12,1.6343,-8.31992,0.442153,1,
12,1.5835,-7.98932,0.363104,1,
12,1.37211,-8.25601,0.381816,1,
12,2.28807,-7.86539,2.82445e-05,1,
12,1.94774,-6.99894,0.111476,1,
12,2.30141,-7.71531,3.05342e-05,1,
12,1.56526,-7.34536,0.330633,1,
12,0.58825,-7.81797,0.520959,0,
12,3.33412,-7.43362,0.0501376,1,
12,4.03197,-7.87003,0.0442766,1,
12,2.28951,-7.68474,2.70546e-05,1,
12,2.05277,-7.3318,0.343641,1,
12,5.36356,-7.55318,0.0645765,1,
12,0.377808,17.8724,0.0540953,0,
12,1.78644,-7.93719,0.290034,1,
12,0.293971,2.99443,0.0773279,0,
12,1.34842,-7.59949,0.224828,1,
12,2.27092,-7.90154,4.32347e-05,1,
12,2.30642,-8.27067,1.37715e-05,1,
12,2.77397,-7.96548,0.029914,1,
12,2.32914,-7.53426,1.36346e-05,1,
12,0.616322,-137.207,0.201665,0,
12,2.28437,-8.35843,4.2908e-05,1,
12,2.22004,-7.50677,3.11162e-05,1,
12,2.28166,-7.97447,1.72984e-05,1,
12,0.491893,-8.10365,0.193212,1,
12,2.24459,-6.80319,3.54382e-05,1,
12,2.27033,-6.45234,1.90553e-05,1,
12,2.3108,-6.94292,2.88506e-05,1,
12,0.416702,-7.46777,0.606671,1,
12,2.81907,-7.11816,0.0677638,1,
12,2.3364,-7.25975,3.77294e-05,1,
12,1.82646,-7.31259,0.00315286,1,
13,1.99625,-7.66552,0.0499837,1,
13,1.04108,-7.85686,0.563272,1,
13,2.24604,-7.83852,1.24511e-05,1,
13,1.93512,-7.83562,0.0495197,1,
13,4.77976,-7.53966,0.0219555,1,
13,0.329956,-84.8697,0.485686,0,
13,0.774142,-6.97104,0.455721,0,
13,1.0095,-6.87894,0.281331,1,
13,2.35052,-7.29281,6.22901e-06,1,
13,1.1683,-6.94294,0.417209,0,
13,2.31807,-6.60959,9.64952e-06,0,
13,2.27523,-7.29658,3.82745e-05,1,
13,0.694328,-7.81653,0.259059,0,
13,2.27534,-8.19112,1.40489e-05,1,
13,3.75371,-6.95691,0.0330156,1,
13,2.27007,-8.20443,1.32127e-05,1,
13,2.2693,-7.72189,1.11541e-05,1,
13,2.28207,-7.534,3.74859e-05,1,
13,2.35087,-7.3893,2.41507e-05,1,
13,2.28474,-7.34511,3.48919e-05,1,
13,2.29944,-7.02943,6.67016e-06,1,
13,2.30368,-6.95521,1.56748e-05,1,
13,1.44812,-8.26233,0.215681,1,
13,2.28628,-8.72279,4.41732e-05,1,
13,1.09685,-8.40551,0.0356759,1,
13,1.7992,-7.87665,0.103991,1,
13,0.284364,-13.8021,0.50666,0,
13,2.33107,-8.39608,4.09076e-05,1,
13,4.29836,-8.28799,0.0752014,1,
13,0.486597,-7.81578,0.54513,1,
13,2.15679,-7.06898,0.240952,1,
13,2.27888,-7.55019,4.33519e-05,1,
13,1.74852,-7.10434,0.184442,1,
13,2.14895,-7.37169,0.263805,1,
13,1.03972,-7.32325,0.239696,1,
13,2.20229,-7.46336,0.154502,1,
13,2.24226,-6.98705,4.51101e-05,1,
13,1.43369,-8.28452,0.4006,1,
13,2.19962,-8.53187,0.345518,1,
13,2.25293,-8.33849,2.1622e-05,1,
13,2.27166,-7.01852,2.67934e-05,1,
13,2.30034,-7.71378,1.18055e-05,1,
13,2.28799,-7.99669,2.42484e-05,1,
14,2.28223,-7.56059,2.65652e-05,1,
14,1.40694,-7.87726,0.339235,1,
14,0.616172,-8.59899,0.248253,0,
14,5.20247,-7.00352,0.0725211,1,
14,1.3244,-7.98249,0.00432149,1,
14,2.17456,-7.50835,0.141527,1,
14,0.45655,-7.20033,0.404768,1,
14,5.36441,-7.49165,0.0882205,1,
14,2.26322,-6.78188,7.4427e-06,1,
14,2.11885,-6.77022,0.0173996,1,
14,2.27818,-8.47724,2.62543e-05,0,
14,2.28047,-8.17868,6.80783e-06,1,
14,1.76704,-7.66101,0.35753,1,
14,2.28679,-8.52799,3.07073e-05,1,
14,2.29582,-8.24426,3.77659e-05,1,
14,0.717201,-7.81881,0.399441,1,
14,1.43863,-7.55391,0.444988,1,
14,2.26604,-7.4479,1.59593e-05,1,
14,1.38386,-7.38339,0.231776,1,
14,1.53597,-7.23286,0.227047,1,
14,2.24505,-8.16014,2.12742e-05,1,
14,0.319376,-7.10098,0.52463,0,
14,1.23896,-8.0701,0.345704,1,
14,2.30867,-7.30828,0.298219,1,
14,2.27306,-7.22919,1.24115e-05,1,
14,0.870507,-7.72227,0.477605,1,
14,2.25275,-7.17345,2.76105e-05,0,
14,0.257376,-32.6327,0.0132305,0,
14,2.28561,-7.79463,6.6033e-05,1,
14,2.2169,-8.12488,1.39333e-05,1,
14,2.29605,-7.57785,9.8784e-06,1,
14,2.32402,-7.89522,2.90696e-05,1,
14,0.363544,-7.76003,0.313125,0,
14,0.728751,-7.1268,0.294162,0,
14,0.861102,-7.15014,0.00522184,1,
14,2.31395,-6.93007,1.55924e-05,0,
14,2.27556,-8.03914,2.16897e-05,0,
14,2.28683,-7.76312,1.86199e-05,1,
14,1.23024,-7.83311,0.226891,1,
14,2.26908,-8.23164,6.43393e-06,1,
14,1.76121,-8.37246,0.0264684,0,
14,1.41598,-8.44958,0.350185,1,
14,2.23129,-8.19766,2.30214e-05,1,
14,2.26156,-7.42875,0.301463,1,
14,1.25985,-8.03005,0.29904,1,
14,4.56037,-7.76158,0.0795986,1,
15,2.25931,-7.42553,1.66187e-05,1,
15,1.48609,-7.06344,0.40503,1,
15,1.71909,-7.92621,0.335724,0,
15,0.958651,-7.59217,0.416278,0,
15,1.32908,-7.29505,0.144527,1,
15,2.10147,-7.64767,0.339605,1,
15,1.94941,-7.00143,0.229039,1,
15,2.28575,-7.73091,2.59855e-05,1,
15,1.6133,-7.38578,0.355129,0,
15,2.31952,-7.07666,4.69924e-05,1,
15,2.29852,-7.6207,0.000103707,1,
15,1.39703,-7.57875,0.278467,1,
15,4.42722,-7.38521,0.0069877,1,
15,0.771334,-6.78676,0.359506,0,
15,0.368736,-8.01696,0.102586,1,
15,2.26437,-7.52615,2.12809e-05,0,
15,2.29116,-7.28797,1.96918e-05,1,
15,1.49986,-7.3194,0.109383,1,
15,0.699782,-6.9474,0.497091,0,
15,2.31571,-6.90301,2.70326e-05,1,
15,0.260159,-7.78582,0.260063,0,
4,2.23043,-6.96061,3.31832e-05,1,
4,3.39618,-7.08082,0.072337,1,
4,1.67533,-7.60193,0.212565,1,
4,2.07616,-7.5357,0.465123,1,
4,1.71068,-6.79371,0.256153,1,
4,1.13019,-7.39872,0.122621,1,
4,1.03781,-6.87334,0.417324,0,
4,2.11322,-7.29443,0.240825,1,
4,2.32232,-6.84475,3.97267e-05,1,
4,3.15744,-6.49912,0.0528764,1,
4,2.26354,-5.72284,3.83129e-05,1,
4,2.28999,-6.24532,4.61057e-05,1,
4,2.3148,-7.65746,2.58704e-05,1,
4,2.27578,-8.26202,1.01313e-06,1,
4,2.33275,-6.65368,3.28479e-05,1,
4,1.57648,-6.88659,0.437436,1,
4,2.30479,-7.97188,2.20905e-05,1,
4,2.25546,-7.81471,2.39805e-05,1,
4,4.22159,-7.69519,0.0337725,1,
4,1.14761,-7.71931,0.429896,1,
4,2.25655,-6.89006,2.34963e-05,1,
4,2.30699,-6.9335,4.46185e-05,1,
4,2.27834,-6.1921,4.86765e-05,1,
4,1.50844,-7.03912,0.372942,1,
4,2.33187,-7.2817,2.51318e-05,1,
4,1.63191,-7.95069,0.286026,1,
4,2.25173,-7.87365,3.45557e-05,1,
4,2.28133,-6.97226,1.03935e-05,1,
4,2.27807,-7.69255,3.01479e-05,1,
4,2.29264,-7.67117,6.65764e-06,1,
4,2.32683,-7.3579,4.46999e-05,1,
4,2.28695,-6.9187,7.28665e-05,1,
4,2.253,-6.45895,2.60853e-05,1,
4,1.08688,-7.24473,0.426269,1,
4,0.958247,-6.97134,0.504336,1,
4,4.04225,-6.46026,0.0732119,1,
4,2.2541,-6.95857,3.46888e-05,1,
4,1.91909,-6.26252,0.309095,1,
4,2.26746,-6.56737,1.81944e-05,1,
4,0.613705,-6.25761,0.134996,0,
4,2.27961,-6.25111,4.09548e-05,1,
4,2.30579,-6.99226,4.82345e-05,1,
4,1.28859,-6.70159,0.175653,1,
4,2.28977,-7.34358,2.20571e-05,1,
4,1.15772,-6.47548,0.383607,1,
4,1.08279,-6.67713,0.266029,1,
5,2.23926,-7.27563,5.20308e-06,1,
5,3.60205,-7.67711,0.0381616,1,
5,2.21699,-7.7651,2.40727e-05,1,
5,1.65575,-7.79255,0.285939,1,
5,2.32397,-6.46937,4.20155e-05,1,
5,1.93913,-6.60885,0.135568,1,
5,2.24499,-6.77645,2.93447e-05,1,
5,0.37154,-6.90824,0.535704,0,
5,2.29382,-8.08164,2.00343e-05,1,
5,0.796461,-7.0876,0.422146,0,
5,2.27883,-7.82751,2.20218e-05,1,
5,2.11169,-7.44397,0.0592692,1,
5,3.59315,-7.5931,0.104385,1,
5,2.25491,-7.54498,2.44891e-05,1,
5,2.28872,-7.20399,1.00434e-05,1,
5,2.23599,-7.57138,0.112285,1,
5,0.517478,-7.31284,0.473779,0,
5,0.381768,56.3574,0.282395,0,
5,1.48887,-6.30293,0.395432,1,
5,2.11571,-7.32857,0.1353,1,
5,0.37775,-6.98921,0.198272,1,
5,3.93574,-6.24329,0.0331053,1,
5,2.00087,-6.89544,0.100758,1,
5,2.24609,-6.77029,1.67354e-05,1,
5,0.273095,-7.31295,0.418638,0,
5,1.0693,-7.38547,0.505588,1,
5,1.19328,-7.71892,0.294663,1,
5,2.25964,-7.19032,3.0368e-05,1,
5,2.29916,-7.17349,6.72432e-06,1,
5,2.27627,-7.37711,3.36868e-05,1,
5,1.41552,-94.0641,0.287973,0,
5,2.26683,-6.53463,1.8487e-05,1,
5,2.30742,-7.42395,5.01817e-05,1,
5,1.25336,-6.66304,0.371487,0,
5,0.344171,-6.47621,0.316594,0,
5,4.27801,-6.70076,0.0868801,1,
5,2.07506,-7.47068,0.121728,1,
5,1.2389,-6.95901,0.418813,1,
5,2.28961,-6.95536,1.73427e-05,1,
5,2.29473,-7.33062,2.24228e-05,1,
5,2.16947,-7.37653,0.119924,1,
5,2.28049,-7.8032,1.27602e-05,1,
5,0.454777,-7.55488,0.559606,0,
5,2.29978,-6.20182,2.75958e-05,1,
5,2.60817,-7.169,0.0203536,1,
5,0.724495,-100.494,0.0992544,0,
6,2.27184,-6.49967,3.44665e-05,1,
6,1.58904,-8.22099,0.322135,1,
6,2.31429,-8.02047,1.15936e-05,1,
6,1.59463,-7.34661,0.390446,1,
6,2.28834,-6.73579,6.03305e-05,1,
6,1.45598,-7.63946,0.453093,1,
6,2.2891,-6.5659,3.1925e-06,1,
6,0.849513,-7.25529,0.321934,1,
6,2.30566,-7.07883,3.03307e-05,1,
6,1.20737,-6.89407,0.259061,1,
6,1.06057,-6.32624,0.500293,1,
6,1.1623,-7.60316,0.356293,1,
6,0.398842,-81.5055,0.218272,0,
6,2.71789,-7.56314,0.00635174,1,
6,2.18194,-7.35559,0.0154041,1,
6,3.38683,-7.42854,0.0519448,1,
6,2.4909,-7.82356,0.0148134,1,
6,1.35876,-7.62941,0.0638583,1,
6,2.31707,-7.40381,1.84902e-05,1,
6,2.29775,-7.69665,2.58261e-05,1,
6,2.72609,-7.20998,0.0291076,1,
6,1.4028,-7.29192,0.286143,1,
6,0.65278,-7.3679,0.43939,1,
6,2.30814,-7.189,3.74218e-05,1,
6,2.33024,-7.1747,4.13878e-05,1,
6,2.29386,-7.10671,1.55695e-05,1,
6,2.25663,-7.54556,1.69928e-05,1,
6,1.65426,-7.65547,0.32004,1,
6,1.37504,-6.9532,0.267287,1,
6,2.27874,-7.358,4.86469e-06,1,
6,1.51798,-7.44103,0.199288,1,
6,3.92625,-7.37041,0.0266448,1,
6,1.03829,-7.10048,0.224307,1,
6,2.21716,-6.84034,3.05076e-05,1,
6,0.319756,-6.36985,0.254017,0,
6,2.30289,-7.1419,7.94618e-06,1,
6,2.26278,-6.29724,1.8216e-05,1,
6,2.29706,-6.54048,2.28904e-05,1,
6,2.29873,-7.77411,1.91781e-05,1,
6,2.28214,-7.58262,2.53887e-05,1,
6,1.56481,-7.23623,0.282399,1,
6,1.04897,-6.80606,0.457489,1,
6,1.91811,-6.75527,0.396481,1,
6,1.45135,-6.13958,0.353552,1,
6,1.92149,-6.59338,0.401921,1,
7,2.28993,-6.21433,0.184488,0,
7,2.25191,-6.84965,7.0286e-05,1,
7,2.2932,-6.21922,6.14328e-06,1,
7,2.31079,-7.06619,4.2012e-05,1,
7,2.2586,-6.24533,1.23379e-05,1,
7,2.25604,-6.27732,2.1982e-05,1,
7,0.883628,-7.02482,0.566717,1,
7,2.26509,-6.2208,2.55174e-05,1,
7,2.26021,-7.04112,1.1739e-05,1,
7,1.14253,-5.89565,0.406958,1,
7,2.31002,-6.90372,2.53723e-05,1,
7,1.61941,-7.07042,0.355811,1,
7,1.02634,-6.45516,0.39951,0,
7,1.53623,-6.78018,0.396349,1,
7,2.25279,-7.03582,2.5087e-05,1,
7,2.28426,-7.21234,1.14737e-05,1,
7,2.26255,-7.30379,4.1081e-05,1,
7,2.31082,-7.46388,3.08207e-05,1,
7,1.70233,-7.28019,0.293395,1,
7,2.32916,-6.98763,5.51927e-05,1,
7,1.16856,-6.91329,0.435153,0,
7,2.77929,-6.02285,0.0105421,1,
7,3.73287,-6.62408,0.0904881,1,
7,2.27128,-6.82415,2.52159e-05,1,
7,2.26647,-7.42649,3.04922e-05,1,
7,1.10835,-7.77994,0.0339409,1,
7,0.892178,-7.4687,0.290446,1,
7,2.2835,-7.20743,1.82251e-05,1,
7,2.29114,-6.48247,1.15178e-05,1,
7,2.31165,-6.76385,3.66559e-05,1,
7,2.27411,-7.04937,7.17049e-05,1,
7,2.28947,-6.66634,2.8911e-05,1,
7,0.565342,-6.09375,0.445142,1,
7,2.25847,-7.01653,0.058324,1,
7,0.783547,-7.06462,0.300457,1,
7,0.382141,-6.9747,0.508909,1,
7,0.921159,-7.13085,0.361252,1,
7,0.783512,-6.63744,0.422207,0,
7,2.27768,-6.40453,2.91955e-05,1,
7,2.27356,-6.96037,2.06915e-05,1,
7,1.78026,-7.41361,0.0865179,1,
7,0.294293,-6.56588,0.584394,0,
7,0.376737,-10.2684,0.0349205,0,
7,4.68864,-6.55859,0.0652119,1,
7,2.29888,-6.8847,2.7779e-05,1,
7,2.30548,-6.82153,1.38409e-05,1,
7,1.44661,-7.09873,0.297314,1,
8,1.5561,-7.1098,0.121256,1,
8,2.27443,-7.79342,1.97981e-05,1,
8,1.71988,-7.31056,0.247525,1,
8,2.30302,-7.42079,1.91904e-05,1,
8,1.57755,-6.32639,0.300929,1,
8,1.37633,-6.83587,0.415515,0,
8,0.706006,-6.64016,0.546253,1,
8,2.26362,-6.92608,1.8236e-05,1,
8,2.26619,-6.96636,2.81358e-05,1,
8,2.24871,-6.93195,2.4494e-05,1,
8,2.26707,-6.5275,4.07524e-05,1,
8,1.4103,-7.30992,0.112123,1,
8,2.28212,-6.28488,4.88329e-05,1,
8,2.2995,-5.79349,3.28617e-05,1,
8,0.437178,-7.00464,0.0211916,1,
8,0.994147,-7.07476,0.572439,0,
8,1.79707,-6.45642,0.330959,1,
8,2.28681,-6.80829,3.04035e-05,1,
8,2.28018,-6.92887,3.22309e-05,1,
8,1.81352,-7.67704,0.457936,1,
8,2.28906,-7.201,4.21076e-05,1,
8,1.82191,-6.53161,0.350487,1,
8,2.30279,-7.02116,4.93421e-05,1,
8,2.31841,-6.60708,2.44194e-05,1,
8,0.64576,-6.45439,0.499139,0,
8,2.26317,-7.22466,5.81553e-06,1,
8,1.96005,-6.88456,0.146226,1,
8,2.18417,-6.9388,0.402709,1,
8,4.17785,-6.85036,0.0601619,1,
8,4.00846,-7.13969,0.0991312,1,
8,2.26995,-7.41404,2.76155e-05,1,
8,0.532276,-101.274,0.201643,0,
8,2.64693,-7.87441,0.247551,1,
8,0.577644,-6.6798,0.168886,0,
8,0.30348,8.30886,0.145176,0,
8,4.16828,-7.78892,0.0362135,1,
8,2.3068,-7.71547,1.92184e-05,1,
8,0.344652,-7.23809,0.498438,0,
8,0.929763,-7.79201,0.506708,1,
8,0.747128,-7.54829,0.0412219,1,
8,1.36757,-6.81832,0.211756,1,
8,2.29709,-6.70314,4.82371e-05,1,
8,2.28027,-7.47632,6.25576e-05,1,
8,2.27061,-7.56707,1.60218e-05,1,
8,0.30128,13.5587,0.605835,0,
8,1.81225,-6.96628,0.131384,1,
9,2.2352,-6.43645,3.54336e-05,1,
9,2.26343,-6.92438,3.77883e-05,1,
9,2.30897,-7.27779,3.17788e-05,1,
9,1.63099,-61.6761,0.0548278,0,
9,2.25087,-7.38599,2.41549e-05,1,
9,0.746342,-7.21692,0.0396313,1,
9,2.26223,-8.09828,2.06674e-05,1,
9,1.35783,-7.87545,0.443873,0,
9,2.30302,-7.85493,3.00262e-05,1,
9,1.69745,-7.50352,0.298962,1,
9,2.29172,-7.07847,2.14503e-05,1,
9,2.28516,-7.49325,1.81732e-05,1,
9,2.00523,-7.01409,0.0420907,1,
9,2.22539,-6.9608,5.75432e-05,1,
9,2.27214,-7.48571,3.6746e-05,1,
9,1.18914,-7.05861,0.388885,1,
9,2.10891,-6.846,0.199275,1,
9,2.2812,-6.95703,5.19731e-05,1,
9,2.26016,-6.81157,2.08526e-05,1,
9,0.315166,-8.33618,0.213211,0,
9,0.344842,-54.5861,0.0237114,0,
9,1.86285,-7.83916,0.371323,1,
9,1.74653,-7.19267,0.405603,1,
9,1.16458,-7.23322,0.499788,1,
9,1.54818,-7.3689,0.236928,1,
9,2.48207,-7.53537,0.159068,1,
9,2.29769,-7.33642,1.34661e-05,1,
9,2.22946,-7.48712,3.04453e-05,1,
9,2.31589,-7.25904,2.73825e-05,1,
9,0.403393,-7.68396,0.359153,0,
9,1.23366,-7.38597,0.129756,1,
9,2.25027,-7.45478,2.77397e-05,0,
9,2.30994,-6.91083,3.70313e-06,1,
9,0.42536,-7.49756,0.542453,0,
9,2.14578,-6.48546,0.378216,1,
9,2.29399,-6.48971,3.73266e-05,1,
9,2.26336,-6.257,4.27665e-05,1,
9,2.25729,-7.32198,4.20888e-05,1,
9,2.293,-6.79639,1.54281e-05,1,
9,2.32769,-7.47388,1.78104e-05,1,
9,2.3322,-8.01255,5.92459e-06,1,
9,3.95856,-7.05844,0.0824523,1,
9,2.29898,-7.88644,0.460342,1,
9,3.71969,-7.56432,0.0644305,1,
9,2.26367,-7.83843,2.7505e-05,1,
10,2.24158,-7.75867,2.68321e-05,0,
10,3.74679,-8.13205,0.135629,0,
10,2.22844,-7.31935,1.51015e-05,0,
10,2.28673,-6.63015,5.07644e-05,0,
10,2.259,-6.22782,4.36454e-06,0,
10,2.31214,-6.79962,3.90985e-05,0,
10,2.29822,-7.30631,3.92467e-05,0,
10,1.61797,-7.81358,0.357332,0,
10,2.2986,-7.21252,8.15698e-06,0,
10,2.29892,-7.25633,4.10042e-05,0,
10,2.25177,-7.5634,7.75248e-06,0,
10,0.780515,-7.01668,0.536302,0,
10,2.24531,-6.25224,2.59933e-05,0,
10,4.01275,-6.37688,0.00587944,0,
10,0.692529,-47.684,0.132084,0,
10,1.32522,-7.56742,0.0168237,0,
10,2.54162,-7.65492,0.0184099,0,
10,1.58274,-6.39067,0.250728,0,
10,10.1504,46.7778,0.759876,0,
10,2.32543,-6.54526,4.93661e-05,1,
10,1.48919,-7.4284,0.351113,0,
10,2.29213,-7.19065,1.87503e-05,0,
10,0.436044,48.2983,0.24339,0,
10,2.28198,-6.93323,4.07489e-05,0,
10,1.94052,-5.71169,0.303316,0,
10,1.46623,-7.10308,0.363818,0,
10,0.520875,-6.86128,0.0424808,1,
10,2.27109,-6.62148,4.03232e-05,0,
10,2.29911,-6.06211,1.64915e-05,0,
10,0.57899,-7.01991,0.330474,1,
10,1.36045,-6.53412,0.520854,0,
10,1.77415,-7.12773,0.434241,0,
10,2.27281,-7.43458,7.80444e-05,0,
10,2.29334,-7.50907,2.99492e-05,0,
10,2.28249,-6.57542,4.70186e-05,0,
10,2.22159,-6.38784,3.79244e-05,0,
10,0.483334,-6.66802,0.559862,0,
10,2.29171,-6.65064,5.31934e-05,0,
10,0.273854,44.7061,0.476403,0,
10,2.27944,-7.79525,4.25796e-05,0,
10,2.92249,-7.39558,0.103029,0,
10,1.82055,-6.56594,0.306348,0,
10,1.19723,-6.60594,0.253347,0,
10,2.27697,-7.99715,1.2363e-05,0,
11,3.31812,-7.00227,0.0399322,0,
11,0.891897,-7.045,0.485154,1,
11,2.28131,-7.29389,4.15009e-05,0,
11,4.33259,-7.28565,0.0393889,0,
11,2.29627,-7.16134,1.91914e-05,0,
11,2.29748,-7.4159,2.51582e-05,0,
11,1.6779,-5.9028,0.394448,0,
11,2.33873,-5.58565,1.57935e-05,0,
11,2.27453,-5.84599,3.06694e-05,0,
11,0.688188,-6.77146,0.15774,1,
11,2.30883,-5.78527,4.23364e-05,0,
11,2.25139,-6.17509,2.5837e-05,0,
11,2.29204,-7.51282,1.01989e-05,0,
11,1.31457,-6.72193,0.239742,0,
11,1.3386,-8.35446,0.354886,0,
11,2.2857,-7.38937,1.01192e-05,0,
11,2.24843,-6.57412,3.12145e-05,0,
11,1.35937,-6.41977,0.0907757,0,
11,0.350059,-6.94713,0.0297948,0,
11,1.20092,-6.93144,0.0633876,0,
11,1.71568,-6.58168,0.333262,0,
11,0.527328,-6.15495,0.41637,0,
11,2.34021,-7.67719,1.84106e-05,0,
4,2.30142,-9.03462,0.112344,1,
4,2.27983,-9.52103,0.19403,1,
4,2.31914,-8.98686,2.82844e-05,1,
4,0.221828,-61.4705,0.262429,0,
4,0.888337,-7.08437,0.426594,1,
4,2.25763,-7.45457,5.36778e-05,1,
4,1.62842,-8.27081,0.434745,1,
4,2.28929,-7.08765,2.57833e-05,1,
4,1.39714,-7.71923,0.0215495,1,
4,0.287142,-27.283,0.483824,0,
4,0.70082,-98.6748,0.239005,0,
4,2.25964,-7.27268,2.05927e-05,1,
4,2.29467,-7.20301,4.37425e-05,1,
4,0.848231,-7.48399,0.366735,1,
4,1.07968,-7.8783,0.0133701,1,
4,2.66616,-7.97925,0.271129,1,
4,4.29829,-7.46209,0.123121,1,
4,1.64284,-7.87979,0.41148,1,
4,1.27156,-8.45987,0.396797,1,
4,2.3189,-8.34129,3.34547e-05,1,
4,2.27744,-7.89099,3.21458e-05,1,
4,1.38073,-8.20599,0.352358,1,
4,2.26399,-8.23335,2.03318e-05,1,
4,1.39088,-7.46677,0.203411,1,
4,2.2447,-8.06057,3.54967e-05,1,
4,2.29476,-9.5237,3.43439e-05,1,
4,2.28845,-9.16378,5.1616e-05,1,
4,0.905117,-9.61252,0.436207,0,
4,2.30465,-9.91016,2.54593e-05,1,
4,2.28723,-9.75753,2.57771e-05,1,
4,2.26479,-9.78956,2.43248e-05,1,
4,2.25613,-9.92066,2.80007e-05,1,
4,2.28734,-9.54516,1.41791e-05,1,
4,2.18035,-8.75752,0.14531,0,
4,2.28457,-9.9003,4.78232e-05,1,
4,0.358201,-14.29,0.0815308,1,
4,2.31151,-10.1888,2.20212e-05,1,
4,0.899912,-9.44176,0.187411,1,
4,3.1205,-9.28542,0.0481171,1,
4,2.25515,-8.64389,3.23153e-05,1,
4,2.28359,-9.32469,3.71351e-05,1,
4,2.27003,-8.99507,1.90816e-05,1,
4,2.29853,-8.62596,1.45531e-05,1,
4,0.811356,-9.26554,0.471631,1,
4,3.52651,-8.99416,0.185552,1,
4,2.24323,-9.07415,3.90879e-05,1,
4,2.30254,-8.74019,1.49732e-05,1,
4,1.29183,-8.85874,0.201406,1,
4,2.26985,-9.46109,3.10429e-05,1,
4,1.28938,-9.24526,0.0738752,1,
4,1.81689,-9.10122,0.0355578,1,
4,0.291661,-8.25654,0.41154,0,
4,2.28864,-8.61255,1.496e-05,1,
4,1.06749,-8.89313,0.462909,1,
4,0.926103,-9.31855,0.592058,1,
4,1.13791,-9.52576,0.367684,1,
4,2.27605,-8.96703,1.15897e-05,1,
4,2.30086,-8.94728,3.18723e-05,1,
4,2.29871,-8.93199,2.58763e-05,1,
4,2.26065,-9.3848,2.63184e-05,1,
4,0.926936,-9.00847,0.416635,1,
4,1.28295,-8.62344,0.185338,1,
4,1.98924,-9.286,0.323644,1,
4,2.29344,-10.1501,2.80922e-05,1,
4,0.850424,-9.43097,0.278386,1,
4,1.21096,-9.56513,0.334222,0,
4,0.395581,-15.0419,0.0760627,1,
4,2.31836,-8.47511,2.90983e-05,1,
4,0.699509,-8.3866,0.458692,0,
4,2.26643,-8.72663,2.88174e-05,1,
4,1.95217,-9.55873,0.345809,1,
4,2.25929,-10.0261,2.12644e-05,1,
4,2.30987,-9.48911,3.30016e-05,1,
4,2.34448,-9.56518,3.26696e-05,1,
4,0.682537,-9.41474,0.217549,1,
4,3.62239,-9.33083,0.152243,1,
4,2.27869,-8.89828,3.7874e-05,1,
4,2.29916,-9.94503,2.17584e-05,1,
4,2.00827,-8.98094,0.273287,1,
4,1.88646,-9.31061,0.0304244,1,
4,1.72645,-9.30654,0.384139,1,
4,1.23365,-9.16607,0.483435,1,
4,1.20691,-8.24396,0.493034,1,
4,1.45821,-9.05011,0.40335,1,
4,2.29059,-9.39836,3.40146e-05,1,
4,1.6093,-10.0245,0.308577,1,
4,2.15439,-9.76677,0.330933,1,
4,2.26446,-10.1621,2.79188e-05,1,
5,1.00098,-8.90224,0.417293,1,
5,2.27617,-9.52838,4.1121e-05,1,
5,2.2762,-9.56526,2.68407e-05,1,
5,0.305169,-37.9253,0.509171,0,
5,2.29865,-10.2492,6.43766e-06,1,
5,2.26765,-8.96981,2.57461e-05,1,
5,2.30224,-9.10222,4.44359e-05,1,
5,0.734674,-9.76405,0.334515,1,
5,0.973735,-9.61739,0.33113,0,
5,1.1323,-8.91537,0.331758,0,
5,3.63657,-8.7513,0.0630842,1,
5,0.917604,-9.12089,0.491033,0,
5,2.26475,-9.35555,1.49049e-05,1,
5,2.29867,-8.80624,5.5123e-05,0,
5,2.23481,-9.78078,2.67778e-05,1,
5,2.19164,-9.94451,5.29126e-05,1,
5,2.2724,-8.74794,4.32255e-05,1,
5,2.28672,-8.85641,1.27528e-05,1,
5,2.29853,-8.3225,3.76543e-05,1,
5,2.29976,-8.60284,2.67686e-05,1,
5,1.87928,-9.72202,0.272617,1,
5,1.30131,-9.70843,0.390485,1,
5,1.89838,-8.54034,0.027164,1,
5,2.34808,-10.0324,9.47572e-06,1,
5,2.317,-10.3115,3.27919e-05,1,
5,1.87321,-8.51556,0.250049,1,
5,2.31356,-8.75799,2.8182e-05,1,
5,2.30749,-8.87699,4.64173e-05,1,
5,1.29182,-9.06074,0.444807,1,
5,0.65412,92.4139,0.355152,0,
5,2.30352,-8.25218,2.92728e-05,1,
5,1.71433,-8.90001,0.425919,1,
5,2.29941,-8.89031,3.23433e-05,1,
5,2.33776,-8.60684,4.24526e-05,1,
5,2.30528,-8.42539,2.76573e-05,1,
5,0.451808,-8.81955,0.506013,1,
5,0.510825,-6.58239,0.128124,0,
5,2.29492,-8.841,4.77543e-05,1,
5,0.314575,-20.0728,0.106511,0,
5,2.22687,-9.05022,0.0290668,1,
5,1.4556,-9.78219,0.399968,1,
5,0.315313,-9.63231,0.0760915,1,
5,2.32153,-8.51219,3.82509e-05,1,
6,0.628529,51.057,0.353254,0,
6,2.31008,-9.21612,4.19387e-06,1,
6,2.64035,-9.43532,0.0760072,1,
6,1.99032,-8.96383,0.21624,1,
6,2.28741,-9.58628,3.83619e-05,1,
6,0.792098,-10.3436,0.375413,0,
6,4.22416,-9.81801,0.133055,1,
6,2.2599,-9.60098,8.43737e-06,1,
6,0.394099,13.1332,0.0784302,0,
6,2.27653,-8.47701,1.14135e-05,1,
6,2.26497,-9.44193,5.07164e-05,1,
6,2.1502,-8.60167,0.0361348,1,
6,2.25321,-7.71388,3.22965e-05,1,
6,2.33844,-8.38144,4.80757e-05,1,
6,4.03556,-8.37834,0.0107011,1,
6,1.98641,-8.46426,0.393603,1,
6,2.28244,-8.8257,5.10842e-05,1,
6,2.32311,-9.48919,2.78116e-05,1,
6,1.66227,-9.53907,0.406715,1,
6,0.35238,-9.65638,0.430356,0,
6,2.30359,-9.27437,4.82202e-05,1,
6,0.50539,-8.85662,0.52405,1,
6,2.24566,-9.47382,3.0089e-05,1,
6,2.28519,-8.66707,3.57835e-05,1,
6,2.27788,-9.91002,1.68198e-05,1,
6,4.44398,-9.72361,0.0856714,1,
6,1.70875,-8.77076,0.36439,1,
6,2.31428,-8.83066,3.80713e-05,1,
6,2.29665,-9.32069,7.26413e-05,1,
6,2.28483,-8.98592,2.47263e-05,1,
6,1.01992,-10.0604,0.394511,1,
6,2.28845,-9.40048,2.86968e-05,1,
6,4.05978,-9.63633,0.11416,1,
6,2.25339,-9.31698,4.77663e-05,1,
6,2.80532,-8.69576,0.0224403,1,
6,2.29541,-8.98137,3.19519e-05,1,
6,0.543324,-8.39169,0.50475,0,
6,1.76309,-8.6508,0.299692,1,
6,1.4872,-9.90188,0.202458,1,
6,1.11226,-9.85431,0.311298,1,
6,1.72592,-9.40185,0.39116,1,
6,2.32533,-9.48777,4.20552e-05,1,
6,2.29427,-9.88653,3.79694e-05,1,
7,2.30672,-8.65048,1.46927e-05,1,
4,1.27709,-10.2432,0.45916,1,
4,1.03185,-9.46187,0.168239,1,
4,1.93482,-9.82575,0.0426489,1,
4,0.436632,35.5782,0.186189,1,
4,2.2611,-9.35792,4.07954e-05,1,
4,1.93503,-10.3136,0.438945,1,
4,1.82382,-7.46631,0.087488,1,
4,0.8046,-7.01898,0.102368,1,
4,0.85669,-8.20691,0.170661,1,
4,0.488695,-125.741,0.11401,0,
4,2.264,-8.31513,2.02707e-05,1,
4,1.83474,-8.95789,0.40228,1,
4,2.30425,-7.99183,3.55549e-05,1,
4,2.26186,-8.52733,3.45583e-05,1,
4,2.27146,-8.40356,3.41194e-05,1,
4,2.29726,-8.60729,6.39271e-05,1,
4,2.28032,-8.88488,2.29619e-05,1,
4,2.23668,-8.21633,2.07347e-05,1,
4,2.29163,-8.12232,1.71351e-05,1,
4,2.25397,-7.88109,2.72295e-05,1,
4,2.29122,-8.43304,2.50472e-05,1,
4,1.00428,-8.20477,0.484264,1,
4,1.14133,-7.31793,0.312486,1,
4,0.418877,-107.236,0.12544,0,
4,1.71962,-8.34691,0.302227,1,
4,1.5882,-7.52553,0.253026,1,
4,1.92766,-7.68244,0.308207,1,
4,2.25176,-9.06694,5.05398e-05,1,
4,2.27184,-8.50334,4.04986e-05,1,
4,2.3105,-8.21057,4.047e-05,1,
4,2.27211,-8.59707,1.30079e-05,1,
4,0.948044,-8.57686,0.155303,1,
4,2.33275,-8.45081,4.53683e-05,1,
4,2.26736,-8.30394,4.54547e-05,1,
4,0.969723,-8.64515,0.353729,1,
4,2.27951,-8.15991,2.57666e-05,1,
4,5.05652,-8.37645,0.126899,1,
4,2.24836,-8.3248,5.66936e-05,1,
4,3.26266,-7.7542,0.0267994,1,
4,2.65823,-8.88137,0.0173116,1,
4,1.18425,-7.24769,0.392136,1,
4,2.28653,-7.63278,3.5212e-05,1,
4,2.26549,-6.93466,2.17362e-05,1,
4,2.24881,-7.82388,1.2253e-05,1,
4,3.36353,-7.71259,0.0868706,1,
4,2.26234,-9.22576,3.19112e-05,1,
4,1.55026,-8.6522,0.0959806,1,
4,1.55916,-8.68105,0.399494,1,
4,2.06445,-8.22109,0.265567,1,
4,0.562214,-7.74215,0.503088,1,
4,2.2714,-7.66089,2.70318e-05,1,
5,3.71085,-8.45522,0.143094,1,
5,2.33661,-8.21827,1.54519e-05,1,
5,2.25735,-8.42693,4.6787e-05,1,
5,1.95385,-8.70972,0.459945,1,
5,2.0859,-7.47898,0.00712542,1,
5,3.99063,-7.70187,0.160602,1,
5,2.25591,-7.99084,2.30155e-05,1,
5,4.66862,-7.15245,0.0555497,1,
5,0.302679,24.096,0.482445,0,
5,2.24157,-7.23911,0.0513337,1,
5,2.26743,-7.75231,2.34219e-05,1,
5,0.363977,-8.35894,0.527205,0,
5,0.369459,-71.3382,0.121326,0,
5,0.734804,-7.60201,0.524535,1,
5,3.49195,-7.80486,0.136346,1,
5,0.430026,-7.30842,0.572094,0,
5,2.29609,-8.10196,2.33899e-05,1,
5,1.86021,-8.21084,0.0356354,1,
5,1.03454,-7.36892,0.331113,1,
5,0.313669,-10.7152,0.046334,0,
5,0.365368,-12.2362,0.113528,0,
5,0.880257,128.861,0.117665,0,
5,2.30032,-7.78668,2.33628e-05,1,
5,0.363125,52.5521,0.0293915,0,
5,2.05149,-8.98476,0.422959,1,
5,0.519311,-8.00671,0.435097,0,
5,1.91633,-8.33546,0.406368,1,
5,2.2808,-8.17473,5.89663e-05,1,
5,2.70347,-8.67147,0.0252847,1,
5,2.26505,-7.71238,7.86711e-06,1,
5,2.25264,-7.701,1.96292e-05,1,
5,2.26227,-7.4739,1.60616e-05,1,
5,1.77688,-7.27316,0.237699,1,
5,1.07615,-7.23462,0.452873,1,
5,1.40258,-7.46728,0.401727,1,
5,1.73254,-7.51653,0.445528,1,
5,1.53496,-7.44356,0.28781,1,
5,2.29953,-7.55962,1.47586e-05,1,
5,2.27337,-6.99026,1.09825e-05,1,
5,1.15264,-7.2097,0.344565,1,
5,1.72743,-7.49713,0.381848,1,
5,2.2651,-7.35377,3.75438e-05,1,
5,2.28405,-8.14617,1.45226e-05,1,
5,1.186,-7.6673,0.388204,0,
5,2.28277,-7.96822,5.80559e-05,1,
5,1.52548,-7.38886,0.33253,1,
6,1.32787,-7.47362,0.173587,1,
6,1.57615,-7.84268,0.315547,1,
6,2.26101,-6.96316,2.63721e-05,1,
6,0.415415,39.0454,0.0515045,0,
6,1.46122,-7.64891,0.335129,0,
6,0.94699,-7.4847,0.473852,1,
6,1.22502,-7.58699,0.425055,1,
6,1.036,-7.73055,0.394181,1,
6,1.74313,-7.19083,0.228502,1,
6,1.07248,-6.70562,0.333152,1,
6,1.94488,-7.7992,0.183985,1,
6,1.37835,-7.93877,0.311899,1,
6,1.10951,-8.75394,0.323867,1,
6,2.29257,-8.76876,3.24117e-05,1,
6,1.18144,-8.91765,0.270679,1,
6,2.29493,-9.04776,3.52678e-05,1,
6,1.85521,-8.16585,0.210002,1,
6,1.98822,-8.96336,0.262747,1,
6,2.30371,-8.46413,3.30386e-05,1,
6,1.3286,-8.24126,0.0659299,1,
6,1.63983,-8.01954,0.238037,1,
6,0.342449,48.8489,0.0473484,0,
6,4.69088,-8.18601,0.0683272,1,
6,2.27877,-7.33508,3.82418e-05,1,
6,2.1248,-6.87122,0.243046,1,
6,2.30958,-7.36147,7.67864e-05,1,
6,2.30559,-7.32397,3.73309e-05,1,
6,2.3417,-7.25494,2.34971e-05,1,
6,2.32032,-7.83765,1.00891e-05,1,
6,2.2132,-8.33064,2.90358e-05,1,
6,1.15194,-8.19882,0.0953773,1,
6,4.35079,-7.49491,0.017683,1,
6,0.544786,-7.24234,0.0180113,1,
6,1.58133,-7.42021,0.421359,1,
6,0.447304,-7.3151,0.187485,1,
6,2.27388,-8.70232,2.22192e-05,1,
6,4.17319,-7.22105,0.0509231,1,
6,0.834999,-7.51976,0.187387,1,
6,1.23734,-7.62064,0.384898,1,
6,2.25569,-8.8263,5.45052e-05,1,
6,2.22419,-7.55773,0.261705,1,
6,1.68701,-8.3542,0.398693,1,
6,1.11334,-8.03245,0.367514,1,
6,2.36538,-7.80975,0.264279,1,
6,1.57269,-7.18883,0.207629,1,
6,2.3051,-7.71175,4.28517e-05,1,
6,0.630593,-7.56915,0.29085,0,
6,2.32605,-7.57314,5.62412e-05,1,
7,2.29527,-7.16859,2.38589e-05,1,
7,2.25304,-6.91599,2.34653e-05,1,
7,0.619134,-7.64415,0.572079,1,
7,1.80198,-6.77378,0.153013,0,
7,1.52767,-7.39665,0.234713,1,
7,2.19893,-7.3218,4.28556e-05,1,
7,2.30337,-6.90359,4.94812e-05,1,
7,0.770612,-7.89469,0.474137,1,
7,2.29517,-7.19816,5.04291e-05,1,
7,2.30093,-6.88761,6.5884e-05,1,
7,1.05672,-8.00559,0.510507,1,
7,2.20712,-7.78678,7.26615e-06,1,
7,0.947768,-7.32231,0.234536,0,
7,2.00456,-7.31383,0.0387181,1,
7,2.88914,-7.7586,0.00967685,1,
7,0.915673,-8.24653,0.110744,1,
7,1.79532,-8.32767,0.330702,1,
7,1.24396,-8.33358,0.264578,1,
7,0.438068,-8.23467,0.321864,0,
7,2.31008,-8.26185,2.91429e-05,1,
7,2.12446,-7.40962,0.140588,1,
7,1.35585,-7.37793,0.36312,1,
7,2.27442,-7.18321,4.77372e-05,1,
7,2.7855,-7.76087,0.138633,1,
7,1.38806,-7.68521,0.355162,1,
7,1.74043,-7.26051,0.485033,1,
7,1.38364,-7.37566,0.330826,1,
7,0.634805,-7.19496,0.338374,0,
7,0.90774,-7.57778,0.440334,1,
7,1.66767,-7.87139,0.0756845,1,
7,0.2943,-8.32331,0.343249,0,
7,2.3143,-7.28569,1.68558e-05,1,
7,0.363668,-8.75581,0.177862,0,
7,2.27118,-6.97432,5.24681e-05,1,
7,2.26111,-6.91466,9.86638e-06,1,
7,1.27135,-8.17918,0.454187,1,
7,2.62449,-7.8407,0.0807108,1,
7,2.22423,-7.2879,1.7443e-05,1,
7,0.382872,-7.48021,0.246152,0,
7,0.379416,-7.50558,0.162576,1,
7,2.27591,-7.65919,2.27636e-05,1,
7,1.39618,-7.89894,0.108541,1,
7,1.53918,-7.39094,0.43978,0,
7,1.24358,-6.7097,0.324138,0,
8,2.21653,-8.00287,2.22489e-05,1,
8,2.26349,-7.35484,4.47792e-05,1,
8,2.30436,-7.26727,1.93708e-05,1,
8,2.31103,-7.43103,1.98807e-05,1,
8,2.27339,-7.71893,1.65627e-05,1,
8,2.31521,-8.16553,5.04548e-05,1,
8,2.12919,-6.96954,0.150028,1,
8,2.85583,-6.89711,0.0612602,1,
8,2.30296,-7.61564,2.75081e-05,1,
8,3.95488,-7.56644,0.0105802,1,
8,2.28832,-6.70428,2.66339e-05,1,
8,2.2424,-6.57456,4.50587e-05,1,
8,2.28393,-7.30601,5.33127e-05,1,
8,0.94562,-7.37658,0.373569,1,
8,1.33726,-6.8696,0.236898,1,
8,2.29722,-7.28561,4.10342e-05,1,
8,3.5425,-7.99844,0.0724153,1,
8,1.34449,-8.43617,0.162788,1,
8,2.30297,-8.25804,4.22338e-05,1,
8,0.385105,-12.5556,0.22913,1,
8,1.73977,-7.71607,0.29912,1,
8,1.4332,-7.91324,0.344761,1,
8,2.27641,-7.40612,1.14665e-05,1,
8,2.27412,-8.7729,2.96162e-05,1,
8,2.26767,-7.47789,1.24394e-05,1,
8,2.2437,-7.265,4.57016e-05,1,
8,2.29289,-7.62232,5.34956e-05,1,
8,0.912815,-7.46305,0.418415,1,
8,1.35858,-7.531,0.351995,1,
8,1.39575,-128.272,0.114572,0,
8,1.64885,-7.93995,0.332061,1,
8,2.31244,-7.60383,3.82981e-05,1,
8,2.33467,-7.35377,5.07534e-05,1,
8,2.26454,-7.53433,1.3641e-05,1,
8,2.24294,-7.7997,1.16703e-05,1,
8,2.2906,-8.18381,3.6783e-05,1,
8,2.33272,-8.34713,1.76601e-05,1,
8,1.07839,-8.50714,0.395212,0,
8,2.32098,-9.26149,1.65051e-05,1,
8,0.809146,-8.40175,0.520233,0,
8,0.454927,-7.73346,0.0671545,1,
8,1.75537,-8.57817,0.401507,1,
9,2.29295,-7.76863,3.379e-05,1,
9,0.919467,-8.20071,0.0187935,1,
9,2.10875,-8.35842,0.0948284,1,
9,4.27195,-8.291,0.0353153,1,
9,0.752293,153.029,0.185617,0,
